ITI_dur,RespWinDur,ShockDur,ShockFlag,Reminder,Stim_Duration,TrialType,RespLatency,AMdepth,AMrate,Highpass,Lowpass,dBSPL,sStim,Optostim,AirPuff,ResponseCode,TrialID,ComputerTimestamp_1,ComputerTimestamp_2,ComputerTimestamp_3,ComputerTimestamp_4,ComputerTimestamp_5,ComputerTimestamp_6,PumpRate,Nogo_lim,Nogo_min,Trial_onset,Trial_offset,Subj_id,Session_id,Hit,Miss,CR,FA
100,100,300,1,0,1000,1,50.0466918945312,0,5,100,20000,45,235914,0,0,36,1,2021,5,9,15,8,37.371,0.2,5,3,198.5159168,199.46596352,SUBJ-ID-154,MML-Passive-Pre-210509-150511,0,0,1,0
100,100,300,1,0,1000,1,50.0466918945312,0,5,100,20000,45,250219,0,0,36,2,2021,5,9,15,8,38.543,0.2,5,3,199.64993536,200.59998208,SUBJ-ID-154,MML-Passive-Pre-210509-150511,0,0,1,0
100,100,300,1,0,1000,1,50.0466918945312,0,5,100,20000,45,264241,0,0,36,3,2021,5,9,15,8,39.692,0.2,5,3,200.83058688,201.7806336,SUBJ-ID-154,MML-Passive-Pre-210509-150511,0,0,1,0
100,100,300,1,0,1000,1,50.0466918945312,0,5,100,20000,45,277751,0,0,36,4,2021,5,9,15,8,40.798,0.2,5,3,201.9761152,202.92616192,SUBJ-ID-154,MML-Passive-Pre-210509-150511,0,0,1,0
100,100,300,1,0,1000,1,50.0466918945312,0,5,100,20000,45,292253,0,0,36,5,2021,5,9,15,8,41.986,0.2,5,3,203.11093248,204.0609792,SUBJ-ID-154,MML-Passive-Pre-210509-150511,0,0,1,0
100,100,300,1,0,1000,0,50.0466918945312,0.5,5,100,20000,45,306704,0,0,18,6,2021,5,9,15,8,43.17,0.2,5,3,204.27874304,205.22878976,SUBJ-ID-154,MML-Passive-Pre-210509-150511,0,1,0,0
100,100,300,1,0,1000,1,50.0466918945312,0,5,100,20000,45,321687,0,0,36,7,2021,5,9,15,8,44.398,0.2,5,3,205.52886272,206.47890944,SUBJ-ID-154,MML-Passive-Pre-210509-150511,0,0,1,0
100,100,300,1,0,1000,1,50.0466918945312,0,5,100,20000,45,336185,0,0,36,8,2021,5,9,15,8,45.585,0.2,5,3,206.6818048,207.63185152,SUBJ-ID-154,MML-Passive-Pre-210509-150511,0,0,1,0
100,100,300,1,0,1000,1,50.0466918945312,0,5,100,20000,45,349845,0,0,36,9,2021,5,9,15,8,46.706,0.2,5,3,207.86372608,208.8137728,SUBJ-ID-154,MML-Passive-Pre-210509-150511,0,0,1,0
100,100,300,1,0,1000,1,50.0466918945312,0,5,100,20000,45,364258,0,0,36,10,2021,5,9,15,8,47.885,0.2,5,3,208.9897984,209.93984512,SUBJ-ID-154,MML-Passive-Pre-210509-150511,0,0,1,0
100,100,300,1,0,1000,0,50.0466918945312,0.349999994039536,5,100,20000,45,11275,0,0,18,11,2021,5,9,15,8,49,0.2,5,3,210.16446976,211.11451648,SUBJ-ID-154,MML-Passive-Pre-210509-150511,0,1,0,0
100,100,300,1,0,1000,1,50.0466918945312,0,5,100,20000,45,27150,0,0,36,12,2021,5,9,15,8,50.301,0.2,5,3,211.41458944,212.36463616,SUBJ-ID-154,MML-Passive-Pre-210509-150511,0,0,1,0
100,100,300,1,0,1000,1,50.0466918945312,0,5,100,20000,45,40680,0,0,36,13,2021,5,9,15,8,51.41,0.2,5,3,212.58098688,213.5310336,SUBJ-ID-154,MML-Passive-Pre-210509-150511,0,0,1,0
100,100,300,1,0,1000,1,50.0466918945312,0,5,100,20000,45,55042,0,0,36,14,2021,5,9,15,8,52.587,0.2,5,3,213.69690112,214.64694784,SUBJ-ID-154,MML-Passive-Pre-210509-150511,0,0,1,0
100,100,300,1,0,1000,1,50.0466918945312,0,5,100,20000,45,68953,0,0,36,15,2021,5,9,15,8,53.726,0.2,5,3,214.87024128,215.820288,SUBJ-ID-154,MML-Passive-Pre-210509-150511,0,0,1,0
100,100,300,1,0,1000,1,50.0466918945312,0,5,100,20000,45,83067,0,0,36,16,2021,5,9,15,8,54.881,0.2,5,3,216.0201728,216.97021952,SUBJ-ID-154,MML-Passive-Pre-210509-150511,0,0,1,0
100,100,300,1,0,1000,0,50.0466918945312,0.25,5,100,20000,45,96747,0,0,18,17,2021,5,9,15,8,56.002,0.2,5,3,217.16580352,218.11585024,SUBJ-ID-154,MML-Passive-Pre-210509-150511,0,1,0,0
100,100,300,1,0,1000,1,50.0466918945312,0,5,100,20000,45,112545,0,0,36,18,2021,5,9,15,8,57.297,0.2,5,3,218.4159232,219.36596992,SUBJ-ID-154,MML-Passive-Pre-210509-150511,0,0,1,0
100,100,300,1,0,1000,1,50.0466918945312,0,5,100,20000,45,127199,0,0,36,19,2021,5,9,15,8,58.496,0.2,5,3,219.5905536,220.54060032,SUBJ-ID-154,MML-Passive-Pre-210509-150511,0,0,1,0
100,100,300,1,0,1000,1,50.0466918945312,0,5,100,20000,45,140982,0,0,36,20,2021,5,9,15,8,59.626,0.2,5,3,220.78449664,221.73454336,SUBJ-ID-154,MML-Passive-Pre-210509-150511,0,0,1,0
100,100,300,0,0,1000,0,50.0466918945312,0.180000007152557,5,100,20000,45,155135,0,0,18,21,2021,5,9,15,9,0.785,0.2,5,3,221.92648192,222.87652864,SUBJ-ID-154,MML-Passive-Pre-210509-150511,0,1,0,0
100,100,300,0,0,1000,1,50.0466918945312,0,5,100,20000,45,168820,0,0,36,22,2021,5,9,15,9,1.907,0.2,5,3,223.06893824,224.01898496,SUBJ-ID-154,MML-Passive-Pre-210509-150511,0,0,1,0
100,100,300,0,0,1000,1,50.0466918945312,0,5,100,20000,45,183233,0,0,36,23,2021,5,9,15,9,3.087,0.2,5,3,224.19890176,225.14894848,SUBJ-ID-154,MML-Passive-Pre-210509-150511,0,0,1,0
100,100,300,0,0,1000,1,50.0466918945312,0,5,100,20000,45,196693,0,0,36,24,2021,5,9,15,9,4.191,0.2,5,3,225.36574976,226.31579648,SUBJ-ID-154,MML-Passive-Pre-210509-150511,0,0,1,0
100,100,300,0,0,1000,1,50.0466918945312,0,5,100,20000,45,211211,0,0,36,25,2021,5,9,15,9,5.379,0.2,5,3,226.47724032,227.42728704,SUBJ-ID-154,MML-Passive-Pre-210509-150511,0,0,1,0
100,100,300,0,0,1000,1,50.0466918945312,0,5,100,20000,45,225055,0,0,36,26,2021,5,9,15,9,6.514,0.2,5,3,227.6606976,228.61074432,SUBJ-ID-154,MML-Passive-Pre-210509-150511,0,0,1,0
100,100,300,0,0,1000,0,50.0466918945312,0.119999997317791,5,100,20000,45,239285,0,0,18,27,2021,5,9,15,9,7.679,0.2,5,3,228.81714176,229.76718848,SUBJ-ID-154,MML-Passive-Pre-210509-150511,0,1,0,0
100,100,300,0,0,1000,1,50.0466918945312,0,5,100,20000,45,252943,0,0,36,28,2021,5,9,15,9,8.799,0.2,5,3,229.9766784,230.92672512,SUBJ-ID-154,MML-Passive-Pre-210509-150511,0,0,1,0
100,100,300,0,0,1000,1,50.0466918945312,0,5,100,20000,45,267515,0,0,36,29,2021,5,9,15,9,9.992,0.2,5,3,231.08018176,232.03022848,SUBJ-ID-154,MML-Passive-Pre-210509-150511,0,0,1,0
100,100,300,0,0,1000,1,50.0466918945312,0,5,100,20000,45,281085,0,0,36,30,2021,5,9,15,9,11.103,0.2,5,3,232.26906624,233.21911296,SUBJ-ID-154,MML-Passive-Pre-210509-150511,0,0,1,0
100,100,300,1,0,1000,0,50.0466918945312,0.5,5,100,20000,45,295521,0,0,18,31,2021,5,9,15,9,12.286,0.2,5,3,233.38694656,234.33699328,SUBJ-ID-154,MML-Passive-Pre-210509-150511,0,1,0,0
100,100,300,1,0,1000,1,50.0466918945312,0,5,100,20000,45,310247,0,0,36,32,2021,5,9,15,9,13.493,0.2,5,3,234.63706624,235.58711296,SUBJ-ID-154,MML-Passive-Pre-210509-150511,0,0,1,0
100,100,300,1,0,1000,1,50.0466918945312,0,5,100,20000,45,323696,0,0,36,33,2021,5,9,15,9,14.594,0.2,5,3,235.77327616,236.72332288,SUBJ-ID-154,MML-Passive-Pre-210509-150511,0,0,1,0
100,100,300,1,0,1000,1,50.0466918945312,0,5,100,20000,45,338432,0,0,36,34,2021,5,9,15,9,15.802,0.2,5,3,236.8768,237.82684672,SUBJ-ID-154,MML-Passive-Pre-210509-150511,0,0,1,0
100,100,300,1,0,1000,0,50.0466918945312,0.349999994039536,5,100,20000,45,352125,0,0,18,35,2021,5,9,15,9,16.924,0.2,5,3,238.08856064,239.03860736,SUBJ-ID-154,MML-Passive-Pre-210509-150511,0,1,0,0
100,100,300,1,0,1000,1,50.0466918945312,0,5,100,20000,45,1152,0,0,36,36,2021,5,9,15,9,18.202,0.2,5,3,239.33868032,240.28872704,SUBJ-ID-154,MML-Passive-Pre-210509-150511,0,0,1,0
100,100,300,1,0,1000,1,50.0466918945312,0,5,100,20000,45,14739,0,0,36,37,2021,5,9,15,9,19.316,0.2,5,3,240.49160192,241.44164864,SUBJ-ID-154,MML-Passive-Pre-210509-150511,0,0,1,0
100,100,300,1,0,1000,1,50.0466918945312,0,5,100,20000,45,29289,0,0,36,38,2021,5,9,15,9,20.508,0.2,5,3,241.64130816,242.59135488,SUBJ-ID-154,MML-Passive-Pre-210509-150511,0,0,1,0
100,100,300,1,0,1000,1,50.0466918945312,0,5,100,20000,45,43765,0,0,36,39,2021,5,9,15,9,21.694,0.2,5,3,242.8013568,243.75140352,SUBJ-ID-154,MML-Passive-Pre-210509-150511,0,0,1,0
100,100,300,1,0,1000,1,50.0466918945312,0,5,100,20000,45,57731,0,0,36,40,2021,5,9,15,9,22.838,0.2,5,3,243.9830528,244.93309952,SUBJ-ID-154,MML-Passive-Pre-210509-150511,0,0,1,0
100,100,300,1,0,1000,0,50.0466918945312,0.25,5,100,20000,45,71993,0,0,18,41,2021,5,9,15,9,24.006,0.2,5,3,245.14596864,246.09601536,SUBJ-ID-154,MML-Passive-Pre-210509-150511,0,1,0,0
100,100,300,1,0,1000,1,50.0466918945312,0,5,100,20000,45,86993,0,0,36,42,2021,5,9,15,9,25.235,0.2,5,3,246.39608832,247.34613504,SUBJ-ID-154,MML-Passive-Pre-210509-150511,0,0,1,0
100,100,300,1,0,1000,1,50.0466918945312,0,5,100,20000,45,101469,0,0,36,43,2021,5,9,15,9,26.421,0.2,5,3,247.52054272,248.47058944,SUBJ-ID-154,MML-Passive-Pre-210509-150511,0,0,1,0
100,100,300,1,0,1000,1,50.0466918945312,0,5,100,20000,45,116106,0,0,36,44,2021,5,9,15,9,27.62,0.2,5,3,248.72030208,249.6703488,SUBJ-ID-154,MML-Passive-Pre-210509-150511,0,0,1,0
100,100,300,1,0,1000,1,50.0466918945312,0,5,100,20000,45,130735,0,0,36,45,2021,5,9,15,9,28.819,0.2,5,3,249.91459328,250.86464,SUBJ-ID-154,MML-Passive-Pre-210509-150511,0,0,1,0
100,100,300,1,0,1000,1,50.0466918945312,0,5,100,20000,45,144684,0,0,36,46,2021,5,9,15,9,29.961,0.2,5,3,251.11252992,252.06257664,SUBJ-ID-154,MML-Passive-Pre-210509-150511,0,0,1,0
100,100,300,0,0,1000,0,50.0466918945312,0.180000007152557,5,100,20000,45,158785,0,0,18,47,2021,5,9,15,9,31.116,0.2,5,3,252.26545152,253.21549824,SUBJ-ID-154,MML-Passive-Pre-210509-150511,0,1,0,0
100,100,300,0,0,1000,1,50.0466918945312,0,5,100,20000,45,173460,0,0,36,48,2021,5,9,15,9,32.318,0.2,5,3,253.4083584,254.35840512,SUBJ-ID-154,MML-Passive-Pre-210509-150511,0,0,1,0
100,100,300,0,0,1000,1,50.0466918945312,0,5,100,20000,45,187132,0,0,36,49,2021,5,9,15,9,33.438,0.2,5,3,254.61860352,255.56865024,SUBJ-ID-154,MML-Passive-Pre-210509-150511,0,0,1,0
100,100,300,0,0,1000,1,50.0466918945312,0,5,100,20000,45,201649,0,0,36,50,2021,5,9,15,9,34.628,0.2,5,3,255.7253632,256.67540992,SUBJ-ID-154,MML-Passive-Pre-210509-150511,0,0,1,0
100,100,300,0,0,1000,1,50.0466918945312,0,5,100,20000,45,216236,0,0,36,51,2021,5,9,15,9,35.822,0.2,5,3,256.91887616,257.86892288,SUBJ-ID-154,MML-Passive-Pre-210509-150511,0,0,1,0
100,100,300,0,0,1000,1,50.0466918945312,0,5,100,20000,45,231071,0,0,36,52,2021,5,9,15,9,37.039,0.2,5,3,258.111488,259.06153472,SUBJ-ID-154,MML-Passive-Pre-210509-150511,0,0,1,0
100,100,300,0,0,1000,0,50.0466918945312,0.119999997317791,5,100,20000,45,245670,0,0,18,53,2021,5,9,15,9,38.236,0.2,5,3,259.33877248,260.2888192,SUBJ-ID-154,MML-Passive-Pre-210509-150511,0,1,0,0
100,100,300,0,0,1000,1,50.0466918945312,0,5,100,20000,45,260301,0,0,36,54,2021,5,9,15,9,39.433,0.2,5,3,260.52272128,261.472768,SUBJ-ID-154,MML-Passive-Pre-210509-150511,0,0,1,0
100,100,300,0,0,1000,1,50.0466918945312,0,5,100,20000,45,273997,0,0,36,55,2021,5,9,15,9,40.555,0.2,5,3,261.72250112,262.67254784,SUBJ-ID-154,MML-Passive-Pre-210509-150511,0,0,1,0
100,100,300,0,0,1000,1,50.0466918945312,0,5,100,20000,45,287341,0,0,36,56,2021,5,9,15,9,41.648,0.2,5,3,262.82860544,263.77865216,SUBJ-ID-154,MML-Passive-Pre-210509-150511,0,0,1,0
100,100,300,0,0,1000,1,50.0466918945312,0,5,100,20000,45,301687,0,0,36,57,2021,5,9,15,9,42.823,0.2,5,3,263.96555264,264.91559936,SUBJ-ID-154,MML-Passive-Pre-210509-150511,0,0,1,0
100,100,300,0,0,1000,1,50.0466918945312,0,5,100,20000,45,315527,0,0,36,58,2021,5,9,15,9,43.958,0.2,5,3,265.1119616,266.06200832,SUBJ-ID-154,MML-Passive-Pre-210509-150511,0,0,1,0
100,100,300,1,0,1000,0,50.0466918945312,0.5,5,100,20000,45,329748,0,0,18,59,2021,5,9,15,9,45.122,0.2,5,3,266.26316288,267.2132096,SUBJ-ID-154,MML-Passive-Pre-210509-150511,0,1,0,0
100,100,300,1,0,1000,1,50.0466918945312,0,5,100,20000,45,345753,0,0,36,60,2021,5,9,15,9,46.433,0.2,5,3,267.51328256,268.46332928,SUBJ-ID-154,MML-Passive-Pre-210509-150511,0,0,1,0
100,100,300,1,0,1000,1,50.0466918945312,0,5,100,20000,45,359512,0,0,36,61,2021,5,9,15,9,47.561,0.2,5,3,268.72199168,269.6720384,SUBJ-ID-154,MML-Passive-Pre-210509-150511,0,0,1,0
100,100,300,1,0,1000,1,50.0466918945312,0,5,100,20000,45,6707,0,0,36,62,2021,5,9,15,9,48.69,0.2,5,3,269.87227136,270.82231808,SUBJ-ID-154,MML-Passive-Pre-210509-150511,0,0,1,0
100,100,300,1,0,1000,1,50.0466918945312,0,5,100,20000,45,20730,0,0,36,63,2021,5,9,15,9,49.838,0.2,5,3,270.97417728,271.924224,SUBJ-ID-154,MML-Passive-Pre-210509-150511,0,0,1,0
100,100,300,1,0,1000,0,50.0466918945312,0.349999994039536,5,100,20000,45,35225,0,0,18,64,2021,5,9,15,9,51.026,0.2,5,3,272.13121536,273.08126208,SUBJ-ID-154,MML-Passive-Pre-210509-150511,0,1,0,0
100,100,300,1,0,1000,1,50.0466918945312,0,5,100,20000,45,49892,0,0,36,65,2021,5,9,15,9,52.228,0.2,5,3,273.38133504,274.33138176,SUBJ-ID-154,MML-Passive-Pre-210509-150511,0,0,1,0
100,100,300,1,0,1000,1,50.0466918945312,0,5,100,20000,45,63689,0,0,36,66,2021,5,9,15,9,53.358,0.2,5,3,274.52317696,275.47322368,SUBJ-ID-154,MML-Passive-Pre-210509-150511,0,0,1,0
100,100,300,1,0,1000,1,50.0466918945312,0,5,100,20000,45,77930,0,0,36,67,2021,5,9,15,9,54.525,0.2,5,3,275.66034944,276.61039616,SUBJ-ID-154,MML-Passive-Pre-210509-150511,0,0,1,0
100,100,300,1,0,1000,1,50.0466918945312,0,5,100,20000,45,92529,0,0,36,68,2021,5,9,15,9,55.721,0.2,5,3,276.82164736,277.77169408,SUBJ-ID-154,MML-Passive-Pre-210509-150511,0,0,1,0
100,100,300,1,0,1000,0,50.0466918945312,0.25,5,100,20000,45,106267,0,0,18,69,2021,5,9,15,9,56.846,0.2,5,3,278.00797184,278.95801856,SUBJ-ID-154,MML-Passive-Pre-210509-150511,0,1,0,0
100,100,300,1,0,1000,1,50.0466918945312,0,5,100,20000,45,121260,0,0,36,70,2021,5,9,15,9,58.075,0.2,5,3,279.25809152,280.20813824,SUBJ-ID-154,MML-Passive-Pre-210509-150511,0,0,1,0
100,100,300,1,0,1000,1,50.0466918945312,0,5,100,20000,45,135699,0,0,36,71,2021,5,9,15,9,59.258,0.2,5,3,280.37922816,281.32927488,SUBJ-ID-154,MML-Passive-Pre-210509-150511,0,0,1,0
100,100,300,1,0,1000,1,50.0466918945312,0,5,100,20000,45,150166,0,0,36,72,2021,5,9,15,10,0.442,0.2,5,3,281.5711232,282.52116992,SUBJ-ID-154,MML-Passive-Pre-210509-150511,0,0,1,0
100,100,300,1,0,1000,1,50.0466918945312,0,5,100,20000,45,163564,0,0,36,73,2021,5,9,15,10,1.54,0.2,5,3,282.72109568,283.6711424,SUBJ-ID-154,MML-Passive-Pre-210509-150511,0,0,1,0
100,100,300,1,0,1000,1,50.0466918945312,0,5,100,20000,45,178098,0,0,36,74,2021,5,9,15,10,2.731,0.2,5,3,283.8801408,284.83018752,SUBJ-ID-154,MML-Passive-Pre-210509-150511,0,0,1,0
100,100,300,0,0,1000,0,50.0466918945312,0.180000007152557,5,100,20000,45,192735,0,0,18,75,2021,5,9,15,10,3.93,0.2,5,3,285.0245632,285.97460992,SUBJ-ID-154,MML-Passive-Pre-210509-150511,0,1,0,0
100,100,300,0,0,1000,1,50.0466918945312,0,5,100,20000,45,206717,0,0,36,76,2021,5,9,15,10,5.075,0.2,5,3,286.22544896,287.17549568,SUBJ-ID-154,MML-Passive-Pre-210509-150511,0,0,1,0
100,100,300,0,0,1000,1,50.0466918945312,0,5,100,20000,45,220909,0,0,36,77,2021,5,9,15,10,6.238,0.2,5,3,287.37564672,288.32569344,SUBJ-ID-154,MML-Passive-Pre-210509-150511,0,0,1,0
100,100,300,0,0,1000,1,50.0466918945312,0,5,100,20000,45,235566,0,0,36,78,2021,5,9,15,10,7.438,0.2,5,3,288.53225472,289.48230144,SUBJ-ID-154,MML-Passive-Pre-210509-150511,0,0,1,0
100,100,300,0,0,1000,0,50.0466918945312,0.119999997317791,5,100,20000,45,250398,0,0,18,79,2021,5,9,15,10,8.654,0.2,5,3,289.74770176,290.69774848,SUBJ-ID-154,MML-Passive-Pre-210509-150511,0,1,0,0
100,100,300,0,0,1000,1,50.0466918945312,0,5,100,20000,45,264809,0,0,36,80,2021,5,9,15,10,9.834,0.2,5,3,290.94105088,291.8910976,SUBJ-ID-154,MML-Passive-Pre-210509-150511,0,0,1,0
100,100,300,0,0,1000,1,50.0466918945312,0,5,100,20000,45,279605,0,0,36,81,2021,5,9,15,10,11.046,0.2,5,3,292.1331712,293.08321792,SUBJ-ID-154,MML-Passive-Pre-210509-150511,0,0,1,0
100,100,300,0,0,1000,1,50.0466918945312,0,5,100,20000,45,294240,0,0,36,82,2021,5,9,15,10,12.245,0.2,5,3,293.34521856,294.29526528,SUBJ-ID-154,MML-Passive-Pre-210509-150511,0,0,1,0
100,100,300,0,0,1000,1,50.0466918945312,0,5,100,20000,45,307851,0,0,36,83,2021,5,9,15,10,13.36,0.2,5,3,294.54168064,295.49172736,SUBJ-ID-154,MML-Passive-Pre-210509-150511,0,0,1,0
100,100,300,0,0,1000,1,50.0466918945312,0,5,100,20000,45,322312,0,0,36,84,2021,5,9,15,10,14.544,0.2,5,3,295.6423168,296.59236352,SUBJ-ID-154,MML-Passive-Pre-210509-150511,0,0,1,0
100,100,300,1,0,1000,0,50.0466918945312,0.5,5,100,20000,45,336041,0,0,18,85,2021,5,9,15,10,15.67,0.2,5,3,296.83726336,297.78731008,SUBJ-ID-154,MML-Passive-Pre-210509-150511,0,1,0,0
100,100,300,1,0,1000,1,50.0466918945312,0,5,100,20000,45,351664,0,0,36,86,2021,5,9,15,10,16.95,0.2,5,3,298.08738304,299.03742976,SUBJ-ID-154,MML-Passive-Pre-210509-150511,0,0,1,0
100,100,300,1,0,1000,1,50.0466918945312,0,5,100,20000,45,365499,0,0,36,87,2021,5,9,15,10,18.083,0.2,5,3,299.2421888,300.19223552,SUBJ-ID-154,MML-Passive-Pre-210509-150511,0,0,1,0
100,100,300,1,0,1000,1,50.0466918945312,0,5,100,20000,45,13492,0,0,36,88,2021,5,9,15,10,19.278,0.2,5,3,300.38470656,301.33475328,SUBJ-ID-154,MML-Passive-Pre-210509-150511,0,0,1,0
100,100,300,1,0,1000,0,50.0466918945312,0.349999994039536,5,100,20000,45,28142,0,0,18,89,2021,5,9,15,10,20.477,0.2,5,3,301.59566848,302.5457152,SUBJ-ID-154,MML-Passive-Pre-210509-150511,0,1,0,0
100,100,300,1,0,1000,1,50.0466918945312,0,5,100,20000,45,43788,0,0,36,90,2021,5,9,15,10,21.759,0.2,5,3,302.84578816,303.79583488,SUBJ-ID-154,MML-Passive-Pre-210509-150511,0,0,1,0
100,100,300,1,0,1000,1,50.0466918945312,0,5,100,20000,45,57528,0,0,36,91,2021,5,9,15,10,22.885,0.2,5,3,304.06361088,305.0136576,SUBJ-ID-154,MML-Passive-Pre-210509-150511,0,0,1,0
100,100,300,1,0,1000,1,50.0466918945312,0,5,100,20000,45,71946,0,0,36,92,2021,5,9,15,10,24.066,0.2,5,3,305.18884352,306.13889024,SUBJ-ID-154,MML-Passive-Pre-210509-150511,0,0,1,0
100,100,300,1,0,1000,0,50.0466918945312,0.25,5,100,20000,45,86475,0,0,18,93,2021,5,9,15,10,25.256,0.2,5,3,306.3642112,307.31425792,SUBJ-ID-154,MML-Passive-Pre-210509-150511,0,1,0,0
100,100,300,1,0,1000,1,50.0466918945312,0,5,100,20000,45,101130,0,0,36,94,2021,5,9,15,10,26.457,0.2,5,3,307.61433088,308.5643776,SUBJ-ID-154,MML-Passive-Pre-210509-150511,0,0,1,0
100,100,300,1,0,1000,1,50.0466918945312,0,5,100,20000,45,115932,0,0,36,95,2021,5,9,15,10,27.67,0.2,5,3,308.7647744,309.71482112,SUBJ-ID-154,MML-Passive-Pre-210509-150511,0,0,1,0
100,100,300,1,0,1000,1,50.0466918945312,0,5,100,20000,45,129576,0,0,36,96,2021,5,9,15,10,28.787,0.2,5,3,309.95533824,310.90538496,SUBJ-ID-154,MML-Passive-Pre-210509-150511,0,0,1,0
100,100,300,0,0,1000,0,50.0466918945312,0.180000007152557,5,100,20000,45,144062,0,0,18,97,2021,5,9,15,10,29.974,0.2,5,3,311.07346432,312.02351104,SUBJ-ID-154,MML-Passive-Pre-210509-150511,0,1,0,0
100,100,300,0,0,1000,1,50.0466918945312,0,5,100,20000,45,157890,0,0,36,98,2021,5,9,15,10,31.107,0.2,5,3,312.26843136,313.21847808,SUBJ-ID-154,MML-Passive-Pre-210509-150511,0,0,1,0
100,100,300,0,0,1000,1,50.0466918945312,0,5,100,20000,45,172064,0,0,36,99,2021,5,9,15,10,32.27,0.2,5,3,313.41676544,314.36681216,SUBJ-ID-154,MML-Passive-Pre-210509-150511,0,0,1,0
100,100,300,0,0,1000,1,50.0466918945312,0,5,100,20000,45,185599,0,0,36,100,2021,5,9,15,10,33.377,0.2,5,3,314.55791104,315.50795776,SUBJ-ID-154,MML-Passive-Pre-210509-150511,0,0,1,0
100,100,300,0,0,1000,1,50.0466918945312,0,5,100,20000,45,200011,0,0,36,101,2021,5,9,15,10,34.558,0.2,5,3,315.69608704,316.64613376,SUBJ-ID-154,MML-Passive-Pre-210509-150511,0,0,1,0
100,100,300,0,0,1000,0,50.0466918945312,0.119999997317791,5,100,20000,45,214866,0,0,18,102,2021,5,9,15,10,35.774,0.2,5,3,316.84560896,317.79565568,SUBJ-ID-154,MML-Passive-Pre-210509-150511,0,1,0,0
100,100,300,0,0,1000,1,50.0466918945312,0,5,100,20000,45,229361,0,0,36,103,2021,5,9,15,10,36.962,0.2,5,3,318.06220288,319.0122496,SUBJ-ID-154,MML-Passive-Pre-210509-150511,0,0,1,0
100,100,300,0,0,1000,1,50.0466918945312,0,5,100,20000,45,242990,0,0,36,104,2021,5,9,15,10,38.079,0.2,5,3,319.25614592,320.20619264,SUBJ-ID-154,MML-Passive-Pre-210509-150511,0,0,1,0
100,100,300,0,0,1000,1,50.0466918945312,0,5,100,20000,45,257600,0,0,36,105,2021,5,9,15,10,39.275,0.2,5,3,320.36308992,321.31313664,SUBJ-ID-154,MML-Passive-Pre-210509-150511,0,0,1,0
100,100,300,1,0,1000,0,50.0466918945312,0.5,5,100,20000,45,271242,0,0,18,106,2021,5,9,15,10,40.393,0.2,5,3,321.56485632,322.51490304,SUBJ-ID-154,MML-Passive-Pre-210509-150511,0,1,0,0
100,100,300,1,0,1000,1,50.0466918945312,0,5,100,20000,45,286926,0,0,36,107,2021,5,9,15,10,41.677,0.2,5,3,322.814976,323.76502272,SUBJ-ID-154,MML-Passive-Pre-210509-150511,0,0,1,0
100,100,300,1,0,1000,1,50.0466918945312,0,5,100,20000,45,300687,0,0,36,108,2021,5,9,15,10,42.806,0.2,5,3,323.95880448,324.9088512,SUBJ-ID-154,MML-Passive-Pre-210509-150511,0,0,1,0
100,100,300,1,0,1000,1,50.0466918945312,0,5,100,20000,45,315084,0,0,36,109,2021,5,9,15,10,43.985,0.2,5,3,325.12077824,326.07082496,SUBJ-ID-154,MML-Passive-Pre-210509-150511,0,0,1,0
100,100,300,1,0,1000,1,50.0466918945312,0,5,100,20000,45,329751,0,0,36,110,2021,5,9,15,10,45.186,0.2,5,3,326.29164032,327.24168704,SUBJ-ID-154,MML-Passive-Pre-210509-150511,0,0,1,0
100,100,300,1,0,1000,0,50.0466918945312,0.349999994039536,5,100,20000,45,344521,0,0,18,111,2021,5,9,15,10,46.396,0.2,5,3,327.47071488,328.4207616,SUBJ-ID-154,MML-Passive-Pre-210509-150511,0,1,0,0
100,100,300,1,0,1000,1,50.0466918945312,0,5,100,20000,45,359226,0,0,36,112,2021,5,9,15,10,47.6,0.2,5,3,328.72083456,329.67088128,SUBJ-ID-154,MML-Passive-Pre-210509-150511,0,0,1,0
100,100,300,1,0,1000,1,50.0466918945312,0,5,100,20000,45,7098,0,0,36,113,2021,5,9,15,10,48.785,0.2,5,3,329.89970432,330.84975104,SUBJ-ID-154,MML-Passive-Pre-210509-150511,0,0,1,0
100,100,300,1,0,1000,1,50.0466918945312,0,5,100,20000,45,20829,0,0,36,114,2021,5,9,15,10,49.911,0.2,5,3,331.08410368,332.0341504,SUBJ-ID-154,MML-Passive-Pre-210509-150511,0,0,1,0
100,100,300,1,0,1000,0,50.0466918945312,0.25,5,100,20000,45,35229,0,0,18,115,2021,5,9,15,10,51.09,0.2,5,3,332.18822144,333.13826816,SUBJ-ID-154,MML-Passive-Pre-210509-150511,0,1,0,0
100,100,300,1,0,1000,1,50.0466918945312,0,5,100,20000,45,50149,0,0,36,116,2021,5,9,15,10,52.313,0.2,5,3,333.43834112,334.38838784,SUBJ-ID-154,MML-Passive-Pre-210509-150511,0,0,1,0
100,100,300,1,0,1000,1,50.0466918945312,0,5,100,20000,45,64735,0,0,36,117,2021,5,9,15,10,53.508,0.2,5,3,334.62728704,335.57733376,SUBJ-ID-154,MML-Passive-Pre-210509-150511,0,0,1,0
100,100,300,1,0,1000,1,50.0466918945312,0,5,100,20000,45,78497,0,0,36,118,2021,5,9,15,10,54.635,0.2,5,3,335.80744704,336.75749376,SUBJ-ID-154,MML-Passive-Pre-210509-150511,0,0,1,0
100,100,300,1,0,1000,1,50.0466918945312,0,5,100,20000,45,92779,0,0,36,119,2021,5,9,15,10,55.805,0.2,5,3,336.94513152,337.89517824,SUBJ-ID-154,MML-Passive-Pre-210509-150511,0,0,1,0
100,100,300,1,0,1000,1,50.0466918945312,0,5,100,20000,45,107258,0,0,36,120,2021,5,9,15,10,56.991,0.2,5,3,338.09903616,339.04908288,SUBJ-ID-154,MML-Passive-Pre-210509-150511,0,0,1,0
100,100,300,0,0,1000,0,50.0466918945312,0.180000007152557,5,100,20000,45,122117,0,0,18,121,2021,5,9,15,10,58.208,0.2,5,3,339.28779776,340.23784448,SUBJ-ID-154,MML-Passive-Pre-210509-150511,0,1,0,0
100,100,300,0,0,1000,1,50.0466918945312,0,5,100,20000,45,136763,0,0,36,122,2021,5,9,15,10,59.408,0.2,5,3,340.50889728,341.458944,SUBJ-ID-154,MML-Passive-Pre-210509-150511,0,0,1,0
100,100,300,0,0,1000,1,50.0466918945312,0,5,100,20000,45,150401,0,0,36,123,2021,5,9,15,11,0.525,0.2,5,3,341.6964096,342.64645632,SUBJ-ID-154,MML-Passive-Pre-210509-150511,0,0,1,0
100,100,300,0,0,1000,1,50.0466918945312,0,5,100,20000,45,165015,0,0,36,124,2021,5,9,15,11,1.723,0.2,5,3,342.8293632,343.77940992,SUBJ-ID-154,MML-Passive-Pre-210509-150511,0,0,1,0
100,100,300,0,0,1000,1,50.0466918945312,0,5,100,20000,45,179671,0,0,36,125,2021,5,9,15,11,2.923,0.2,5,3,344.0444416,344.99448832,SUBJ-ID-154,MML-Passive-Pre-210509-150511,0,0,1,0
100,100,300,0,0,1000,0,50.0466918945312,0.119999997317791,5,100,20000,45,194463,0,0,18,126,2021,5,9,15,11,4.135,0.2,5,3,345.23697152,346.18701824,SUBJ-ID-154,MML-Passive-Pre-210509-150511,0,1,0,0
100,100,300,0,0,1000,1,50.0466918945312,0,5,100,20000,45,209134,0,0,36,127,2021,5,9,15,11,5.337,0.2,5,3,346.43675136,347.38679808,SUBJ-ID-154,MML-Passive-Pre-210509-150511,0,0,1,0
100,100,300,0,0,1000,1,50.0466918945312,0,5,100,20000,45,223489,0,0,36,128,2021,5,9,15,11,6.512,0.2,5,3,347.65029376,348.60034048,SUBJ-ID-154,MML-Passive-Pre-210509-150511,0,0,1,0
100,100,300,0,0,1000,1,50.0466918945312,0,5,100,20000,45,238171,0,0,36,129,2021,5,9,15,11,7.717,0.2,5,3,348.817408,349.76745472,SUBJ-ID-154,MML-Passive-Pre-210509-150511,0,0,1,0
100,100,300,0,0,1000,1,50.0466918945312,0,5,100,20000,45,251770,0,0,36,130,2021,5,9,15,11,8.829,0.2,5,3,350.00297472,350.95302144,SUBJ-ID-154,MML-Passive-Pre-210509-150511,0,0,1,0
100,100,300,1,0,1000,0,50.0466918945312,0.5,5,100,20000,45,266325,0,0,18,131,2021,5,9,15,11,10.022,0.2,5,3,351.14694656,352.09699328,SUBJ-ID-154,MML-Passive-Pre-210509-150511,0,1,0,0
100,100,300,1,0,1000,1,50.0466918945312,0,5,100,20000,45,282186,0,0,36,132,2021,5,9,15,11,11.322,0.2,5,3,352.39706624,353.34711296,SUBJ-ID-154,MML-Passive-Pre-210509-150511,0,0,1,0
100,100,300,1,0,1000,1,50.0466918945312,0,5,100,20000,45,295882,0,0,36,133,2021,5,9,15,11,12.443,0.2,5,3,353.61490944,354.56495616,SUBJ-ID-154,MML-Passive-Pre-210509-150511,0,0,1,0
100,100,300,1,0,1000,1,50.0466918945312,0,5,100,20000,45,309727,0,0,36,134,2021,5,9,15,11,13.578,0.2,5,3,354.75576832,355.70581504,SUBJ-ID-154,MML-Passive-Pre-210509-150511,0,0,1,0
100,100,300,1,0,1000,1,50.0466918945312,0,5,100,20000,45,323921,0,0,36,135,2021,5,9,15,11,14.74,0.2,5,3,355.8709248,356.82097152,SUBJ-ID-154,MML-Passive-Pre-210509-150511,0,0,1,0
100,100,300,1,0,1000,0,50.0466918945312,0.349999994039536,5,100,20000,45,338298,0,0,18,136,2021,5,9,15,11,15.918,0.2,5,3,357.05843712,358.00848384,SUBJ-ID-154,MML-Passive-Pre-210509-150511,0,1,0,0
100,100,300,1,0,1000,1,50.0466918945312,0,5,100,20000,45,353307,0,0,36,137,2021,5,9,15,11,17.148,0.2,5,3,358.3085568,359.25860352,SUBJ-ID-154,MML-Passive-Pre-210509-150511,0,0,1,0
100,100,300,1,0,1000,1,50.0466918945312,0,5,100,20000,45,1344,0,0,36,138,2021,5,9,15,11,18.347,0.2,5,3,359.4681344,360.41818112,SUBJ-ID-154,MML-Passive-Pre-210509-150511,0,0,1,0
100,100,300,1,0,1000,1,50.0466918945312,0,5,100,20000,45,15423,0,0,36,139,2021,5,9,15,11,19.5,0.2,5,3,360.6264832,361.57652992,SUBJ-ID-154,MML-Passive-Pre-210509-150511,0,0,1,0
100,100,300,1,0,1000,0,50.0466918945312,0.25,5,100,20000,45,29560,0,0,18,140,2021,5,9,15,11,20.657,0.2,5,3,361.79730432,362.74735104,SUBJ-ID-154,MML-Passive-Pre-210509-150511,0,1,0,0
100,100,300,1,0,1000,1,50.0466918945312,0,5,100,20000,45,45111,0,0,36,141,2021,5,9,15,11,21.932,0.2,5,3,363.047424,363.99747072,SUBJ-ID-154,MML-Passive-Pre-210509-150511,0,0,1,0
100,100,300,1,0,1000,1,50.0466918945312,0,5,100,20000,45,59782,0,0,36,142,2021,5,9,15,11,23.134,0.2,5,3,364.2244096,365.17445632,SUBJ-ID-154,MML-Passive-Pre-210509-150511,0,0,1,0
100,100,300,1,0,1000,1,50.0466918945312,0,5,100,20000,45,73279,0,0,36,143,2021,5,9,15,11,24.24,0.2,5,3,365.420544,366.37059072,SUBJ-ID-154,MML-Passive-Pre-210509-150511,0,0,1,0
100,100,300,0,0,1000,0,50.0466918945312,0.180000007152557,5,100,20000,45,86910,0,0,18,144,2021,5,9,15,11,25.357,0.2,5,3,366.5296384,367.47968512,SUBJ-ID-154,MML-Passive-Pre-210509-150511,0,1,0,0
100,100,300,0,0,1000,1,50.0466918945312,0,5,100,20000,45,101132,0,0,36,145,2021,5,9,15,11,26.521,0.2,5,3,367.65816832,368.60821504,SUBJ-ID-154,MML-Passive-Pre-210509-150511,0,0,1,0
100,100,300,0,0,1000,1,50.0466918945312,0,5,100,20000,45,115857,0,0,36,146,2021,5,9,15,11,27.727,0.2,5,3,368.81545216,369.76549888,SUBJ-ID-154,MML-Passive-Pre-210509-150511,0,0,1,0
100,100,300,0,0,1000,1,50.0466918945312,0,5,100,20000,45,129711,0,0,36,147,2021,5,9,15,11,28.862,0.2,5,3,370.01641984,370.96646656,SUBJ-ID-154,MML-Passive-Pre-210509-150511,0,0,1,0
100,100,300,0,0,1000,1,50.0466918945312,0,5,100,20000,45,144252,0,0,36,148,2021,5,9,15,11,30.054,0.2,5,3,371.18109696,372.13114368,SUBJ-ID-154,MML-Passive-Pre-210509-150511,0,0,1,0
100,100,300,0,0,1000,0,50.0466918945312,0.119999997317791,5,100,20000,45,158588,0,0,18,149,2021,5,9,15,11,31.228,0.2,5,3,372.3748352,373.32488192,SUBJ-ID-154,MML-Passive-Pre-210509-150511,0,1,0,0
100,100,300,0,0,1000,1,50.0466918945312,0,5,100,20000,45,173456,0,0,36,150,2021,5,9,15,11,32.446,0.2,5,3,373.51927808,374.4693248,SUBJ-ID-154,MML-Passive-Pre-210509-150511,0,0,1,0
100,100,300,0,0,1000,1,50.0466918945312,0,5,100,20000,45,188466,0,0,36,151,2021,5,9,15,11,33.675,0.2,5,3,374.78023168,375.7302784,SUBJ-ID-154,MML-Passive-Pre-210509-150511,0,0,1,0
100,100,300,0,0,1000,1,50.0466918945312,0,5,100,20000,45,202750,0,0,36,152,2021,5,9,15,11,34.846,0.2,5,3,375.9906816,376.94072832,SUBJ-ID-154,MML-Passive-Pre-210509-150511,0,0,1,0
100,100,300,0,0,1000,1,50.0466918945312,0,5,100,20000,45,217450,0,0,36,153,2021,5,9,15,11,36.05,0.2,5,3,377.12621568,378.0762624,SUBJ-ID-154,MML-Passive-Pre-210509-150511,0,0,1,0
100,100,300,0,0,1000,1,50.0466918945312,0,5,100,20000,45,231996,0,0,36,154,2021,5,9,15,11,37.241,0.2,5,3,378.34254336,379.29259008,SUBJ-ID-154,MML-Passive-Pre-210509-150511,0,0,1,0
100,100,300,1,0,1000,0,50.0466918945312,0.5,5,100,20000,45,245620,0,0,18,155,2021,5,9,15,11,38.358,0.2,5,3,379.53562624,380.48567296,SUBJ-ID-154,MML-Passive-Pre-210509-150511,0,1,0,0
100,100,300,1,0,1000,1,50.0466918945312,0,5,100,20000,45,261442,0,0,36,156,2021,5,9,15,11,39.654,0.2,5,3,380.78574592,381.73579264,SUBJ-ID-154,MML-Passive-Pre-210509-150511,0,0,1,0
100,100,300,1,0,1000,1,50.0466918945312,0,5,100,20000,45,275139,0,0,36,157,2021,5,9,15,11,40.776,0.2,5,3,381.94735104,382.89739776,SUBJ-ID-154,MML-Passive-Pre-210509-150511,0,0,1,0
100,100,300,1,0,1000,1,50.0466918945312,0,5,100,20000,45,289498,0,0,36,158,2021,5,9,15,11,41.952,0.2,5,3,383.0889472,384.03899392,SUBJ-ID-154,MML-Passive-Pre-210509-150511,0,0,1,0
100,100,300,1,0,1000,0,50.0466918945312,0.349999994039536,5,100,20000,45,304235,0,0,18,159,2021,5,9,15,11,43.16,0.2,5,3,384.2556928,385.20573952,SUBJ-ID-154,MML-Passive-Pre-210509-150511,0,1,0,0
100,100,300,1,0,1000,1,50.0466918945312,0,5,100,20000,45,318892,0,0,36,160,2021,5,9,15,11,44.361,0.2,5,3,385.50581248,386.4558592,SUBJ-ID-154,MML-Passive-Pre-210509-150511,0,0,1,0
100,100,300,1,0,1000,1,50.0466918945312,0,5,100,20000,45,333506,0,0,36,161,2021,5,9,15,11,45.558,0.2,5,3,386.6660864,387.61613312,SUBJ-ID-154,MML-Passive-Pre-210509-150511,0,0,1,0
100,100,300,1,0,1000,1,50.0466918945312,0,5,100,20000,45,347261,0,0,36,162,2021,5,9,15,11,46.684,0.2,5,3,387.8453248,388.79537152,SUBJ-ID-154,MML-Passive-Pre-210509-150511,0,0,1,0
100,100,300,1,0,1000,0,50.0466918945312,0.25,5,100,20000,45,361900,0,0,18,163,2021,5,9,15,11,47.884,0.2,5,3,388.98604032,389.93608704,SUBJ-ID-154,MML-Passive-Pre-210509-150511,0,1,0,0
100,100,300,1,0,1000,1,50.0466918945312,0,5,100,20000,45,9781,0,0,36,164,2021,5,9,15,11,49.07,0.2,5,3,390.23616,391.18620672,SUBJ-ID-154,MML-Passive-Pre-210509-150511,0,0,1,0
100,100,300,1,0,1000,1,50.0466918945312,0,5,100,20000,45,23397,0,0,36,165,2021,5,9,15,11,50.185,0.2,5,3,391.35809536,392.30814208,SUBJ-ID-154,MML-Passive-Pre-210509-150511,0,0,1,0
100,100,300,1,0,1000,1,50.0466918945312,0,5,100,20000,45,37751,0,0,36,166,2021,5,9,15,11,51.361,0.2,5,3,392.49215488,393.4422016,SUBJ-ID-154,MML-Passive-Pre-210509-150511,0,0,1,0
100,100,300,1,0,1000,1,50.0466918945312,0,5,100,20000,45,52421,0,0,36,167,2021,5,9,15,11,52.562,0.2,5,3,393.65525504,394.60530176,SUBJ-ID-154,MML-Passive-Pre-210509-150511,0,0,1,0
100,100,300,0,0,1000,0,50.0466918945312,0.180000007152557,5,100,20000,45,67152,0,0,18,168,2021,5,9,15,11,53.769,0.2,5,3,394.867712,395.81775872,SUBJ-ID-154,MML-Passive-Pre-210509-150511,0,1,0,0
100,100,300,0,0,1000,1,50.0466918945312,0,5,100,20000,45,81771,0,0,36,169,2021,5,9,15,11,54.967,0.2,5,3,396.0629248,397.01297152,SUBJ-ID-154,MML-Passive-Pre-210509-150511,0,0,1,0
100,100,300,0,0,1000,1,50.0466918945312,0,5,100,20000,45,96389,0,0,36,170,2021,5,9,15,11,56.164,0.2,5,3,397.2599808,398.21002752,SUBJ-ID-154,MML-Passive-Pre-210509-150511,0,0,1,0
100,100,300,0,0,1000,1,50.0466918945312,0,5,100,20000,45,111060,0,0,36,171,2021,5,9,15,11,57.366,0.2,5,3,398.45888,399.40892672,SUBJ-ID-154,MML-Passive-Pre-210509-150511,0,0,1,0
100,100,300,0,0,1000,1,50.0466918945312,0,5,100,20000,45,125782,0,0,36,172,2021,5,9,15,11,58.572,0.2,5,3,399.6570624,400.60710912,SUBJ-ID-154,MML-Passive-Pre-210509-150511,0,0,1,0
100,100,300,0,0,1000,0,50.0466918945312,0.119999997317791,5,100,20000,45,139390,0,0,18,173,2021,5,9,15,11,59.688,0.2,5,3,400.86177792,401.81182464,SUBJ-ID-154,MML-Passive-Pre-210509-150511,0,1,0,0
100,100,300,0,0,1000,1,50.0466918945312,0,5,100,20000,45,153832,0,0,36,174,2021,5,9,15,12,0.87,0.2,5,3,401.97095424,402.92100096,SUBJ-ID-154,MML-Passive-Pre-210509-150511,0,0,1,0
100,100,300,0,0,1000,1,50.0466918945312,0,5,100,20000,45,167705,0,0,36,175,2021,5,9,15,12,2.006,0.2,5,3,403.15949056,404.10953728,SUBJ-ID-154,MML-Passive-Pre-210509-150511,0,0,1,0
100,100,300,0,0,1000,1,50.0466918945312,0,5,100,20000,45,181912,0,0,36,176,2021,5,9,15,12,3.171,0.2,5,3,404.33844224,405.28848896,SUBJ-ID-154,MML-Passive-Pre-210509-150511,0,0,1,0
100,100,300,0,0,1000,1,50.0466918945312,0,5,100,20000,45,196681,0,0,36,177,2021,5,9,15,12,4.381,0.2,5,3,405.4699008,406.41994752,SUBJ-ID-154,MML-Passive-Pre-210509-150511,0,0,1,0
100,100,300,1,0,1000,0,50.0466918945312,0.5,5,100,20000,45,210263,0,0,18,178,2021,5,9,15,12,5.494,0.2,5,3,406.67111424,407.62116096,SUBJ-ID-154,MML-Passive-Pre-210509-150511,0,1,0,0
100,100,300,1,0,1000,1,50.0466918945312,0,5,100,20000,45,225958,0,0,36,179,2021,5,9,15,12,6.779,0.2,5,3,407.92123392,408.87128064,SUBJ-ID-154,MML-Passive-Pre-210509-150511,0,0,1,0
100,100,300,1,0,1000,1,50.0466918945312,0,5,100,20000,45,240620,0,0,36,180,2021,5,9,15,12,7.98,0.2,5,3,409.07784192,410.02788864,SUBJ-ID-154,MML-Passive-Pre-210509-150511,0,0,1,0
100,100,300,1,0,1000,1,50.0466918945312,0,5,100,20000,45,255247,0,0,36,181,2021,5,9,15,12,9.178,0.2,5,3,410.28714496,411.23719168,SUBJ-ID-154,MML-Passive-Pre-210509-150511,0,0,1,0
100,100,300,1,0,1000,0,50.0466918945312,0.349999994039536,5,100,20000,45,269017,0,0,18,182,2021,5,9,15,12,10.306,0.2,5,3,411.46748928,412.417536,SUBJ-ID-154,MML-Passive-Pre-210509-150511,0,1,0,0
100,100,300,1,0,1000,1,50.0466918945312,0,5,100,20000,45,284714,0,0,36,183,2021,5,9,15,12,11.593,0.2,5,3,412.71760896,413.66765568,SUBJ-ID-154,MML-Passive-Pre-210509-150511,0,0,1,0
100,100,300,1,0,1000,1,50.0466918945312,0,5,100,20000,45,298290,0,0,36,184,2021,5,9,15,12,12.705,0.2,5,3,413.87577344,414.82582016,SUBJ-ID-154,MML-Passive-Pre-210509-150511,0,0,1,0
100,100,300,1,0,1000,1,50.0466918945312,0,5,100,20000,45,312760,0,0,36,185,2021,5,9,15,12,13.89,0.2,5,3,415.0224896,415.97253632,SUBJ-ID-154,MML-Passive-Pre-210509-150511,0,0,1,0
100,100,300,1,0,1000,1,50.0466918945312,0,5,100,20000,45,326663,0,0,36,186,2021,5,9,15,12,15.029,0.2,5,3,416.18671616,417.13676288,SUBJ-ID-154,MML-Passive-Pre-210509-150511,0,0,1,0
100,100,300,1,0,1000,0,50.0466918945312,0.25,5,100,20000,45,341262,0,0,18,187,2021,5,9,15,12,16.225,0.2,5,3,417.337344,418.28739072,SUBJ-ID-154,MML-Passive-Pre-210509-150511,0,1,0,0
100,100,300,1,0,1000,1,50.0466918945312,0,5,100,20000,45,356903,0,0,36,188,2021,5,9,15,12,17.506,0.2,5,3,418.58746368,419.5375104,SUBJ-ID-154,MML-Passive-Pre-210509-150511,0,0,1,0
100,100,300,1,0,1000,1,50.0466918945312,0,5,100,20000,45,4066,0,0,36,189,2021,5,9,15,12,18.633,0.2,5,3,419.8068224,420.75686912,SUBJ-ID-154,MML-Passive-Pre-210509-150511,0,0,1,0
100,100,300,1,0,1000,1,50.0466918945312,0,5,100,20000,45,18190,0,0,36,190,2021,5,9,15,12,19.79,0.2,5,3,420.93664256,421.88668928,SUBJ-ID-154,MML-Passive-Pre-210509-150511,0,0,1,0
100,100,300,0,0,1000,0,50.0466918945312,0.180000007152557,5,100,20000,45,31794,0,0,18,191,2021,5,9,15,12,20.905,0.2,5,3,422.07899648,423.0290432,SUBJ-ID-154,MML-Passive-Pre-210509-150511,0,1,0,0
100,100,300,0,0,1000,1,50.0466918945312,0,5,100,20000,45,46233,0,0,36,192,2021,5,9,15,12,22.088,0.2,5,3,423.18592,424.13596672,SUBJ-ID-154,MML-Passive-Pre-210509-150511,0,0,1,0
100,100,300,0,0,1000,1,50.0466918945312,0,5,100,20000,45,60964,0,0,36,193,2021,5,9,15,12,23.294,0.2,5,3,424.38057984,425.33062656,SUBJ-ID-154,MML-Passive-Pre-210509-150511,0,0,1,0
100,100,300,0,0,1000,1,50.0466918945312,0,5,100,20000,45,74570,0,0,36,194,2021,5,9,15,12,24.409,0.2,5,3,425.58154752,426.53159424,SUBJ-ID-154,MML-Passive-Pre-210509-150511,0,0,1,0
100,100,300,0,0,1000,1,50.0466918945312,0,5,100,20000,45,88993,0,0,36,195,2021,5,9,15,12,25.59,0.2,5,3,426.71931392,427.66936064,SUBJ-ID-154,MML-Passive-Pre-210509-150511,0,0,1,0
100,100,300,0,0,1000,1,50.0466918945312,0,5,100,20000,45,103630,0,0,36,196,2021,5,9,15,12,26.79,0.2,5,3,427.89783552,428.84788224,SUBJ-ID-154,MML-Passive-Pre-210509-150511,0,0,1,0
100,100,300,0,0,1000,0,50.0466918945312,0.119999997317791,5,100,20000,45,117450,0,0,18,197,2021,5,9,15,12,27.921,0.2,5,3,429.08387328,430.03392,SUBJ-ID-154,MML-Passive-Pre-210509-150511,0,1,0,0
100,100,300,0,0,1000,1,50.0466918945312,0,5,100,20000,45,131650,0,0,36,198,2021,5,9,15,12,29.085,0.2,5,3,430.23460352,431.18465024,SUBJ-ID-154,MML-Passive-Pre-210509-150511,0,0,1,0
100,100,300,0,0,1000,1,50.0466918945312,0,5,100,20000,45,146403,0,0,36,199,2021,5,9,15,12,30.294,0.2,5,3,431.3795584,432.32960512,SUBJ-ID-154,MML-Passive-Pre-210509-150511,0,0,1,0
100,100,300,0,0,1000,1,50.0466918945312,0,5,100,20000,45,159997,0,0,36,200,2021,5,9,15,12,31.407,0.2,5,3,432.58294272,433.53298944,SUBJ-ID-154,MML-Passive-Pre-210509-150511,0,0,1,0
100,100,300,0,0,1000,1,50.0466918945312,0,5,100,20000,45,174555,0,0,36,201,2021,5,9,15,12,32.6,0.2,5,3,433.71776,434.66780672,SUBJ-ID-154,MML-Passive-Pre-210509-150511,0,0,1,0
100,100,300,0,0,1000,1,50.0466918945312,0,5,100,20000,45,189152,0,0,36,202,2021,5,9,15,12,33.795,0.2,5,3,434.8926976,435.84274432,SUBJ-ID-154,MML-Passive-Pre-210509-150511,0,0,1,0
100,100,300,1,0,1000,0,50.0466918945312,0.5,5,100,20000,45,203002,0,0,18,203,2021,5,9,15,12,34.93,0.2,5,3,436.07662592,437.02667264,SUBJ-ID-154,MML-Passive-Pre-210509-150511,0,1,0,0
100,100,300,1,0,1000,1,50.0466918945312,0,5,100,20000,45,217969,0,0,36,204,2021,5,9,15,12,36.157,0.2,5,3,437.3267456,438.27679232,SUBJ-ID-154,MML-Passive-Pre-210509-150511,0,0,1,0
100,100,300,1,0,1000,1,50.0466918945312,0,5,100,20000,45,232181,0,0,36,205,2021,5,9,15,12,37.321,0.2,5,3,438.4577536,439.40780032,SUBJ-ID-154,MML-Passive-Pre-210509-150511,0,0,1,0
100,100,300,1,0,1000,1,50.0466918945312,0,5,100,20000,45,246570,0,0,36,206,2021,5,9,15,12,38.5,0.2,5,3,439.62679296,440.57683968,SUBJ-ID-154,MML-Passive-Pre-210509-150511,0,0,1,0
100,100,300,1,0,1000,1,50.0466918945312,0,5,100,20000,45,261161,0,0,36,207,2021,5,9,15,12,39.695,0.2,5,3,440.80369664,441.75374336,SUBJ-ID-154,MML-Passive-Pre-210509-150511,0,0,1,0
100,100,300,1,0,1000,0,50.0466918945312,0.349999994039536,5,100,20000,45,275731,0,0,18,208,2021,5,9,15,12,40.888,0.2,5,3,441.98180864,442.93185536,SUBJ-ID-154,MML-Passive-Pre-210509-150511,0,1,0,0
100,100,300,1,0,1000,1,50.0466918945312,0,5,100,20000,45,290506,0,0,36,209,2021,5,9,15,12,42.099,0.2,5,3,443.23192832,444.18197504,SUBJ-ID-154,MML-Passive-Pre-210509-150511,0,0,1,0
100,100,300,1,0,1000,1,50.0466918945312,0,5,100,20000,45,305332,0,0,36,210,2021,5,9,15,12,43.314,0.2,5,3,444.3940864,445.34413312,SUBJ-ID-154,MML-Passive-Pre-210509-150511,0,0,1,0
100,100,300,1,0,1000,1,50.0466918945312,0,5,100,20000,45,319925,0,0,36,211,2021,5,9,15,12,44.509,0.2,5,3,445.60941056,446.55945728,SUBJ-ID-154,MML-Passive-Pre-210509-150511,0,0,1,0
100,100,300,1,0,1000,1,50.0466918945312,0,5,100,20000,45,334591,0,0,36,212,2021,5,9,15,12,45.711,0.2,5,3,446.79563264,447.74567936,SUBJ-ID-154,MML-Passive-Pre-210509-150511,0,0,1,0
100,100,300,1,0,1000,0,50.0466918945312,0.25,5,100,20000,45,349298,0,0,18,213,2021,5,9,15,12,46.915,0.2,5,3,448.00505856,448.95510528,SUBJ-ID-154,MML-Passive-Pre-210509-150511,0,1,0,0
100,100,300,1,0,1000,1,50.0466918945312,0,5,100,20000,45,364076,0,0,36,214,2021,5,9,15,12,48.126,0.2,5,3,449.25517824,450.20522496,SUBJ-ID-154,MML-Passive-Pre-210509-150511,0,0,1,0
100,100,300,1,0,1000,1,50.0466918945312,0,5,100,20000,45,12101,0,0,36,215,2021,5,9,15,12,49.323,0.2,5,3,450.42112512,451.37117184,SUBJ-ID-154,MML-Passive-Pre-210509-150511,0,0,1,0
100,100,300,1,0,1000,1,50.0466918945312,0,5,100,20000,45,25616,0,0,36,216,2021,5,9,15,12,50.43,0.2,5,3,451.60667136,452.55671808,SUBJ-ID-154,MML-Passive-Pre-210509-150511,0,0,1,0
100,100,300,1,0,1000,1,50.0466918945312,0,5,100,20000,45,39259,0,0,36,217,2021,5,9,15,12,51.548,0.2,5,3,452.7285248,453.67857152,SUBJ-ID-154,MML-Passive-Pre-210509-150511,0,0,1,0
100,100,300,0,0,1000,0,50.0466918945312,0.180000007152557,5,100,20000,45,53607,0,0,18,218,2021,5,9,15,12,52.723,0.2,5,3,453.86878976,454.81883648,SUBJ-ID-154,MML-Passive-Pre-210509-150511,0,1,0,0
100,100,300,0,0,1000,1,50.0466918945312,0,5,100,20000,45,68293,0,0,36,219,2021,5,9,15,12,53.927,0.2,5,3,455.01605888,455.9661056,SUBJ-ID-154,MML-Passive-Pre-210509-150511,0,0,1,0
100,100,300,0,0,1000,1,50.0466918945312,0,5,100,20000,45,82849,0,0,36,220,2021,5,9,15,12,55.119,0.2,5,3,456.22124544,457.17129216,SUBJ-ID-154,MML-Passive-Pre-210509-150511,0,0,1,0
100,100,300,0,0,1000,1,50.0466918945312,0,5,100,20000,45,97648,0,0,36,221,2021,5,9,15,12,56.332,0.2,5,3,457.418752,458.36879872,SUBJ-ID-154,MML-Passive-Pre-210509-150511,0,0,1,0
100,100,300,0,0,1000,1,50.0466918945312,0,5,100,20000,45,111210,0,0,36,222,2021,5,9,15,12,57.442,0.2,5,3,458.62289408,459.5729408,SUBJ-ID-154,MML-Passive-Pre-210509-150511,0,0,1,0
100,100,300,0,0,1000,0,50.0466918945312,0.119999997317791,5,100,20000,45,125605,0,0,18,223,2021,5,9,15,12,58.622,0.2,5,3,459.74837248,460.6984192,SUBJ-ID-154,MML-Passive-Pre-210509-150511,0,1,0,0
100,100,300,0,0,1000,1,50.0466918945312,0,5,100,20000,45,139534,0,0,36,224,2021,5,9,15,12,59.763,0.2,5,3,460.90489856,461.85494528,SUBJ-ID-154,MML-Passive-Pre-210509-150511,0,0,1,0
100,100,300,0,0,1000,1,50.0466918945312,0,5,100,20000,45,153712,0,0,36,225,2021,5,9,15,13,0.925,0.2,5,3,462.06349312,463.01353984,SUBJ-ID-154,MML-Passive-Pre-210509-150511,0,0,1,0
100,100,300,0,0,1000,1,50.0466918945312,0,5,100,20000,45,168462,0,0,36,226,2021,5,9,15,13,2.133,0.2,5,3,463.21799168,464.1680384,SUBJ-ID-154,MML-Passive-Pre-210509-150511,0,0,1,0
100,100,300,1,0,1000,0,50.0466918945312,0.5,5,100,20000,45,183124,0,0,18,227,2021,5,9,15,13,3.334,0.2,5,3,464.43186176,465.38190848,SUBJ-ID-154,MML-Passive-Pre-210509-150511,0,1,0,0
100,100,300,1,0,1000,1,50.0466918945312,0,5,100,20000,45,197637,0,0,36,228,2021,5,9,15,13,4.522,0.2,5,3,465.68198144,466.63202816,SUBJ-ID-154,MML-Passive-Pre-210509-150511,0,0,1,0
100,100,300,1,0,1000,1,50.0466918945312,0,5,100,20000,45,212332,0,0,36,229,2021,5,9,15,13,5.727,0.2,5,3,466.8096512,467.75969792,SUBJ-ID-154,MML-Passive-Pre-210509-150511,0,0,1,0
100,100,300,1,0,1000,1,50.0466918945312,0,5,100,20000,45,227020,0,0,36,230,2021,5,9,15,13,6.93,0.2,5,3,468.03503104,468.98507776,SUBJ-ID-154,MML-Passive-Pre-210509-150511,0,0,1,0
100,100,300,1,0,1000,1,50.0466918945312,0,5,100,20000,45,240854,0,0,36,231,2021,5,9,15,13,8.063,0.2,5,3,469.21771008,470.1677568,SUBJ-ID-154,MML-Passive-Pre-210509-150511,0,0,1,0
100,100,300,1,0,1000,0,50.0466918945312,0.349999994039536,5,100,20000,45,255424,0,0,18,232,2021,5,9,15,13,9.256,0.2,5,3,470.37165568,471.3217024,SUBJ-ID-154,MML-Passive-Pre-210509-150511,0,1,0,0
100,100,300,1,0,1000,1,50.0466918945312,0,5,100,20000,45,271106,0,0,36,233,2021,5,9,15,13,10.542,0.2,5,3,471.62177536,472.57182208,SUBJ-ID-154,MML-Passive-Pre-210509-150511,0,0,1,0
100,100,300,1,0,1000,1,50.0466918945312,0,5,100,20000,45,284929,0,0,36,234,2021,5,9,15,13,11.674,0.2,5,3,472.82604032,473.77608704,SUBJ-ID-154,MML-Passive-Pre-210509-150511,0,0,1,0
100,100,300,1,0,1000,1,50.0466918945312,0,5,100,20000,45,299526,0,0,36,235,2021,5,9,15,13,12.87,0.2,5,3,473.98313984,474.93318656,SUBJ-ID-154,MML-Passive-Pre-210509-150511,0,0,1,0
100,100,300,1,0,1000,1,50.0466918945312,0,5,100,20000,45,313813,0,0,36,236,2021,5,9,15,13,14.04,0.2,5,3,475.18431232,476.13435904,SUBJ-ID-154,MML-Passive-Pre-210509-150511,0,0,1,0
100,100,300,1,0,1000,1,50.0466918945312,0,5,100,20000,45,327485,0,0,36,237,2021,5,9,15,13,15.16,0.2,5,3,476.3280384,477.27808512,SUBJ-ID-154,MML-Passive-Pre-210509-150511,0,0,1,0
100,100,300,1,0,1000,0,50.0466918945312,0.25,5,100,20000,45,341962,0,0,18,238,2021,5,9,15,13,16.346,0.2,5,3,477.47616768,478.4262144,SUBJ-ID-154,MML-Passive-Pre-210509-150511,0,1,0,0
100,100,300,1,0,1000,1,50.0466918945312,0,5,100,20000,45,357874,0,0,36,239,2021,5,9,15,13,17.65,0.2,5,3,478.72628736,479.67633408,SUBJ-ID-154,MML-Passive-Pre-210509-150511,0,0,1,0
100,100,300,1,0,1000,1,50.0466918945312,0,5,100,20000,45,5114,0,0,36,240,2021,5,9,15,13,18.783,0.2,5,3,479.93522176,480.88526848,SUBJ-ID-154,MML-Passive-Pre-210509-150511,0,0,1,0
100,100,300,1,0,1000,1,50.0466918945312,0,5,100,20000,45,19650,0,0,36,241,2021,5,9,15,13,19.973,0.2,5,3,481.10041088,482.0504576,SUBJ-ID-154,MML-Passive-Pre-210509-150511,0,0,1,0
100,100,300,0,0,1000,0,50.0466918945312,0.180000007152557,5,100,20000,45,34098,0,0,18,242,2021,5,9,15,13,21.157,0.2,5,3,482.28263936,483.23268608,SUBJ-ID-154,MML-Passive-Pre-210509-150511,0,1,0,0
100,100,300,0,0,1000,1,50.0466918945312,0,5,100,20000,45,47748,0,0,36,243,2021,5,9,15,13,22.276,0.2,5,3,483.45360384,484.40365056,SUBJ-ID-154,MML-Passive-Pre-210509-150511,0,0,1,0
100,100,300,0,0,1000,1,50.0466918945312,0,5,100,20000,45,62441,0,0,36,244,2021,5,9,15,13,23.479,0.2,5,3,484.56992768,485.5199744,SUBJ-ID-154,MML-Passive-Pre-210509-150511,0,0,1,0
100,100,300,0,0,1000,1,50.0466918945312,0,5,100,20000,45,76909,0,0,36,245,2021,5,9,15,13,24.664,0.2,5,3,485.76415744,486.71420416,SUBJ-ID-154,MML-Passive-Pre-210509-150511,0,0,1,0
100,100,300,0,0,1000,1,50.0466918945312,0,5,100,20000,45,91557,0,0,36,246,2021,5,9,15,13,25.865,0.2,5,3,486.96887296,487.91891968,SUBJ-ID-154,MML-Passive-Pre-210509-150511,0,0,1,0
100,100,300,0,0,1000,0,50.0466918945312,0.119999997317791,5,100,20000,45,106314,0,0,18,247,2021,5,9,15,13,27.074,0.2,5,3,488.16816128,489.118208,SUBJ-ID-154,MML-Passive-Pre-210509-150511,0,1,0,0
100,100,300,0,0,1000,1,50.0466918945312,0,5,100,20000,45,120911,0,0,36,248,2021,5,9,15,13,28.269,0.2,5,3,489.37947136,490.32951808,SUBJ-ID-154,MML-Passive-Pre-210509-150511,0,0,1,0
100,100,300,0,0,1000,1,50.0466918945312,0,5,100,20000,45,135216,0,0,36,249,2021,5,9,15,13,29.441,0.2,5,3,490.56110592,491.51115264,SUBJ-ID-154,MML-Passive-Pre-210509-150511,0,0,1,0
100,100,300,0,0,1000,1,50.0466918945312,0,5,100,20000,45,149476,0,0,36,250,2021,5,9,15,13,30.609,0.2,5,3,491.74145024,492.69149696,SUBJ-ID-154,MML-Passive-Pre-210509-150511,0,0,1,0
100,100,300,1,0,1000,0,50.0466918945312,0.5,5,100,20000,45,164262,0,0,18,251,2021,5,9,15,13,31.821,0.2,5,3,492.92652544,493.87657216,SUBJ-ID-154,MML-Passive-Pre-210509-150511,0,1,0,0
100,100,300,1,0,1000,1,50.0466918945312,0,5,100,20000,45,178759,0,0,36,252,2021,5,9,15,13,33.008,0.2,5,3,494.17664512,495.12669184,SUBJ-ID-154,MML-Passive-Pre-210509-150511,0,0,1,0
100,100,300,1,0,1000,1,50.0466918945312,0,5,100,20000,45,193227,0,0,36,253,2021,5,9,15,13,34.194,0.2,5,3,495.30886144,496.25890816,SUBJ-ID-154,MML-Passive-Pre-210509-150511,0,0,1,0
100,100,300,1,0,1000,1,50.0466918945312,0,5,100,20000,45,207808,0,0,36,254,2021,5,9,15,13,35.389,0.2,5,3,496.5134336,497.46348032,SUBJ-ID-154,MML-Passive-Pre-210509-150511,0,0,1,0
100,100,300,1,0,1000,1,50.0466918945312,0,5,100,20000,45,221677,0,0,36,255,2021,5,9,15,13,36.524,0.2,5,3,497.68300544,498.63305216,SUBJ-ID-154,MML-Passive-Pre-210509-150511,0,0,1,0
100,100,300,1,0,1000,0,50.0466918945312,0.349999994039536,5,100,20000,45,236081,0,0,18,256,2021,5,9,15,13,37.704,0.2,5,3,498.84448768,499.7945344,SUBJ-ID-154,MML-Passive-Pre-210509-150511,0,1,0,0
100,100,300,1,0,1000,1,50.0466918945312,0,5,100,20000,45,252049,0,0,36,257,2021,5,9,15,13,39.013,0.2,5,3,500.09460736,501.04465408,SUBJ-ID-154,MML-Passive-Pre-210509-150511,0,0,1,0
100,100,300,1,0,1000,1,50.0466918945312,0,5,100,20000,45,266677,0,0,36,258,2021,5,9,15,13,40.211,0.2,5,3,501.31030016,502.26034688,SUBJ-ID-154,MML-Passive-Pre-210509-150511,0,0,1,0
100,100,300,1,0,1000,1,50.0466918945312,0,5,100,20000,45,280345,0,0,36,259,2021,5,9,15,13,41.33,0.2,5,3,502.49680896,503.44685568,SUBJ-ID-154,MML-Passive-Pre-210509-150511,0,0,1,0
100,100,300,1,0,1000,1,50.0466918945312,0,5,100,20000,45,294898,0,0,36,260,2021,5,9,15,13,42.523,0.2,5,3,503.65851648,504.6085632,SUBJ-ID-154,MML-Passive-Pre-210509-150511,0,0,1,0
100,100,300,1,0,1000,1,50.0466918945312,0,5,100,20000,45,309465,0,0,36,261,2021,5,9,15,13,43.716,0.2,5,3,504.80842752,505.75847424,SUBJ-ID-154,MML-Passive-Pre-210509-150511,0,0,1,0
100,100,300,1,0,1000,0,50.0466918945312,0.25,5,100,20000,45,323289,0,0,18,262,2021,5,9,15,13,44.849,0.2,5,3,506.02379264,506.97383936,SUBJ-ID-154,MML-Passive-Pre-210509-150511,0,1,0,0
100,100,300,1,0,1000,1,50.0466918945312,0,5,100,20000,45,338921,0,0,36,263,2021,5,9,15,13,46.129,0.2,5,3,507.27391232,508.22395904,SUBJ-ID-154,MML-Passive-Pre-210509-150511,0,0,1,0
100,100,300,1,0,1000,1,50.0466918945312,0,5,100,20000,45,352514,0,0,36,264,2021,5,9,15,13,47.243,0.2,5,3,508.42130432,509.37135104,SUBJ-ID-154,MML-Passive-Pre-210509-150511,0,0,1,0
100,100,300,1,0,1000,1,50.0466918945312,0,5,100,20000,45,725,0,0,36,265,2021,5,9,15,13,48.455,0.2,5,3,509.57494272,510.52498944,SUBJ-ID-154,MML-Passive-Pre-210509-150511,0,0,1,0
100,100,300,1,0,1000,1,50.0466918945312,0,5,100,20000,45,15093,0,0,36,266,2021,5,9,15,13,49.633,0.2,5,3,510.76933632,511.71938304,SUBJ-ID-154,MML-Passive-Pre-210509-150511,0,0,1,0
100,100,300,0,0,1000,0,50.0466918945312,0.180000007152557,5,100,20000,45,29795,0,0,18,267,2021,5,9,15,13,50.836,0.2,5,3,511.95441152,512.90445824,SUBJ-ID-154,MML-Passive-Pre-210509-150511,0,1,0,0
100,100,300,0,0,1000,1,50.0466918945312,0,5,100,20000,45,44470,0,0,36,268,2021,5,9,15,13,52.039,0.2,5,3,513.15996672,514.11001344,SUBJ-ID-154,MML-Passive-Pre-210509-150511,0,0,1,0
100,100,300,0,0,1000,1,50.0466918945312,0,5,100,20000,45,59023,0,0,36,269,2021,5,9,15,13,53.231,0.2,5,3,514.33334784,515.28339456,SUBJ-ID-154,MML-Passive-Pre-210509-150511,0,0,1,0
100,100,300,0,0,1000,1,50.0466918945312,0,5,100,20000,45,73702,0,0,36,270,2021,5,9,15,13,54.434,0.2,5,3,515.53028096,516.48032768,SUBJ-ID-154,MML-Passive-Pre-210509-150511,0,0,1,0
100,100,300,0,0,1000,1,50.0466918945312,0,5,100,20000,45,88498,0,0,36,271,2021,5,9,15,13,55.646,0.2,5,3,516.74181632,517.69186304,SUBJ-ID-154,MML-Passive-Pre-210509-150511,0,0,1,0
100,100,300,0,0,1000,0,50.0466918945312,0.119999997317791,5,100,20000,45,103238,0,0,18,272,2021,5,9,15,13,56.853,0.2,5,3,517.9364352,518.88648192,SUBJ-ID-154,MML-Passive-Pre-210509-150511,0,1,0,0
100,100,300,0,0,1000,1,50.0466918945312,0,5,100,20000,45,117760,0,0,36,273,2021,5,9,15,13,58.043,0.2,5,3,519.1775232,520.12756992,SUBJ-ID-154,MML-Passive-Pre-210509-150511,0,0,1,0
100,100,300,0,0,1000,1,50.0466918945312,0,5,100,20000,45,132575,0,0,36,274,2021,5,9,15,13,59.257,0.2,5,3,520.34000896,521.29005568,SUBJ-ID-154,MML-Passive-Pre-210509-150511,0,0,1,0
100,100,300,0,0,1000,1,50.0466918945312,0,5,100,20000,45,147153,0,0,36,275,2021,5,9,15,14,0.451,0.2,5,3,521.552384,522.50243072,SUBJ-ID-154,MML-Passive-Pre-210509-150511,0,0,1,0
100,100,300,1,0,1000,0,50.0466918945312,0.5,5,100,20000,45,160864,0,0,18,276,2021,5,9,15,14,1.574,0.2,5,3,522.74835456,523.69840128,SUBJ-ID-154,MML-Passive-Pre-210509-150511,0,1,0,0
100,100,300,1,0,1000,1,50.0466918945312,0,5,100,20000,45,176594,0,0,36,277,2021,5,9,15,14,2.862,0.2,5,3,523.99847424,524.94852096,SUBJ-ID-154,MML-Passive-Pre-210509-150511,0,0,1,0
100,100,300,1,0,1000,1,50.0466918945312,0,5,100,20000,45,191130,0,0,36,278,2021,5,9,15,14,4.054,0.2,5,3,525.15780608,526.1078528,SUBJ-ID-154,MML-Passive-Pre-210509-150511,0,0,1,0
100,100,300,1,0,1000,1,50.0466918945312,0,5,100,20000,45,205024,0,0,36,279,2021,5,9,15,14,5.194,0.2,5,3,526.35672576,527.30677248,SUBJ-ID-154,MML-Passive-Pre-210509-150511,0,0,1,0
100,100,300,1,0,1000,0,50.0466918945312,0.349999994039536,5,100,20000,45,219583,0,0,18,280,2021,5,9,15,14,6.385,0.2,5,3,527.52621568,528.4762624,SUBJ-ID-154,MML-Passive-Pre-210509-150511,0,1,0,0
100,100,300,1,0,1000,1,50.0466918945312,0,5,100,20000,45,234444,0,0,36,281,2021,5,9,15,14,7.602,0.2,5,3,528.77633536,529.72638208,SUBJ-ID-154,MML-Passive-Pre-210509-150511,0,0,1,0
100,100,300,1,0,1000,1,50.0466918945312,0,5,100,20000,45,249042,0,0,36,282,2021,5,9,15,14,8.797,0.2,5,3,529.92428032,530.87432704,SUBJ-ID-154,MML-Passive-Pre-210509-150511,0,0,1,0
100,100,300,1,0,1000,1,50.0466918945312,0,5,100,20000,45,263759,0,0,36,283,2021,5,9,15,14,10.004,0.2,5,3,531.08867072,532.03871744,SUBJ-ID-154,MML-Passive-Pre-210509-150511,0,0,1,0
100,100,300,1,0,1000,0,50.0466918945312,0.25,5,100,20000,45,278338,0,0,18,284,2021,5,9,15,14,11.198,0.2,5,3,532.29406208,533.2441088,SUBJ-ID-154,MML-Passive-Pre-210509-150511,0,1,0,0
100,100,300,1,0,1000,1,50.0466918945312,0,5,100,20000,45,293341,0,0,36,285,2021,5,9,15,14,12.427,0.2,5,3,533.54418176,534.49422848,SUBJ-ID-154,MML-Passive-Pre-210509-150511,0,0,1,0
100,100,300,1,0,1000,1,50.0466918945312,0,5,100,20000,45,307695,0,0,36,286,2021,5,9,15,14,13.603,0.2,5,3,534.7416064,535.69165312,SUBJ-ID-154,MML-Passive-Pre-210509-150511,0,0,1,0
100,100,300,1,0,1000,1,50.0466918945312,0,5,100,20000,45,322413,0,0,36,287,2021,5,9,15,14,14.809,0.2,5,3,535.90329344,536.85334016,SUBJ-ID-154,MML-Passive-Pre-210509-150511,0,0,1,0
100,100,300,0,0,1000,0,50.0466918945312,0.180000007152557,5,100,20000,45,337128,0,0,18,288,2021,5,9,15,14,16.014,0.2,5,3,537.10477312,538.05481984,SUBJ-ID-154,MML-Passive-Pre-210509-150511,0,1,0,0
100,100,300,0,0,1000,1,50.0466918945312,0,5,100,20000,45,352068,0,0,36,289,2021,5,9,15,14,17.238,0.2,5,3,538.35554816,539.30559488,SUBJ-ID-154,MML-Passive-Pre-210509-150511,0,0,1,0
100,100,300,0,0,1000,1,50.0466918945312,0,5,100,20000,45,94,0,0,36,290,2021,5,9,15,14,18.436,0.2,5,3,539.55794944,540.50799616,SUBJ-ID-154,MML-Passive-Pre-210509-150511,0,0,1,0
100,100,300,0,0,1000,1,50.0466918945312,0,5,100,20000,45,14874,0,0,36,291,2021,5,9,15,14,19.646,0.2,5,3,540.74683392,541.69688064,SUBJ-ID-154,MML-Passive-Pre-210509-150511,0,0,1,0
100,100,300,0,0,1000,1,50.0466918945312,0,5,100,20000,45,29227,0,0,36,292,2021,5,9,15,14,20.822,0.2,5,3,541.95632128,542.906368,SUBJ-ID-154,MML-Passive-Pre-210509-150511,0,0,1,0
100,100,300,0,0,1000,0,50.0466918945312,0.119999997317791,5,100,20000,45,43930,0,0,18,293,2021,5,9,15,14,22.026,0.2,5,3,543.12636416,544.07641088,SUBJ-ID-154,MML-Passive-Pre-210509-150511,0,1,0,0
100,100,300,0,0,1000,1,50.0466918945312,0,5,100,20000,45,58662,0,0,36,294,2021,5,9,15,14,23.234,0.2,5,3,544.32518144,545.27522816,SUBJ-ID-154,MML-Passive-Pre-210509-150511,0,0,1,0
100,100,300,0,0,1000,1,50.0466918945312,0,5,100,20000,45,73405,0,0,36,295,2021,5,9,15,14,24.441,0.2,5,3,545.57274112,546.52278784,SUBJ-ID-154,MML-Passive-Pre-210509-150511,0,0,1,0
100,100,300,0,0,1000,1,50.0466918945312,0,5,100,20000,45,87063,0,0,36,296,2021,5,9,15,14,25.56,0.2,5,3,546.73217536,547.68222208,SUBJ-ID-154,MML-Passive-Pre-210509-150511,0,0,1,0
100,100,300,1,0,1000,0,50.0466918945312,0.5,5,100,20000,45,101409,0,0,18,297,2021,5,9,15,14,26.736,0.2,5,3,547.87565568,548.8257024,SUBJ-ID-154,MML-Passive-Pre-210509-150511,0,1,0,0
100,100,300,1,0,1000,1,50.0466918945312,0,5,100,20000,45,117364,0,0,36,298,2021,5,9,15,14,28.042,0.2,5,3,549.12577536,550.07582208,SUBJ-ID-154,MML-Passive-Pre-210509-150511,0,0,1,0
100,100,300,1,0,1000,1,50.0466918945312,0,5,100,20000,45,132135,0,0,36,299,2021,5,9,15,14,29.253,0.2,5,3,550.39043584,551.34048256,SUBJ-ID-154,MML-Passive-Pre-210509-150511,0,0,1,0
100,100,300,1,0,1000,1,50.0466918945312,0,5,100,20000,45,146847,0,0,36,300,2021,5,9,15,14,30.458,0.2,5,3,551.54427904,552.49432576,SUBJ-ID-154,MML-Passive-Pre-210509-150511,0,0,1,0
100,100,300,1,0,1000,1,50.0466918945312,0,5,100,20000,45,161406,0,0,36,301,2021,5,9,15,14,31.65,0.2,5,3,552.7457792,553.69582592,SUBJ-ID-154,MML-Passive-Pre-210509-150511,0,0,1,0
100,100,300,1,0,1000,0,50.0466918945312,0.349999994039536,5,100,20000,45,175050,0,0,18,302,2021,5,9,15,14,32.768,0.2,5,3,553.93748992,554.88753664,SUBJ-ID-154,MML-Passive-Pre-210509-150511,0,1,0,0
100,100,300,1,0,1000,1,50.0466918945312,0,5,100,20000,45,191050,0,0,36,303,2021,5,9,15,14,34.079,0.2,5,3,555.1876096,556.13765632,SUBJ-ID-154,MML-Passive-Pre-210509-150511,0,0,1,0
100,100,300,1,0,1000,1,50.0466918945312,0,5,100,20000,45,205514,0,0,36,304,2021,5,9,15,14,35.264,0.2,5,3,556.390912,557.34095872,SUBJ-ID-154,MML-Passive-Pre-210509-150511,0,0,1,0
100,100,300,1,0,1000,1,50.0466918945312,0,5,100,20000,45,220226,0,0,36,305,2021,5,9,15,14,36.469,0.2,5,3,557.56351488,558.5135616,SUBJ-ID-154,MML-Passive-Pre-210509-150511,0,0,1,0
100,100,300,1,0,1000,1,50.0466918945312,0,5,100,20000,45,233924,0,0,36,306,2021,5,9,15,14,37.591,0.2,5,3,558.76366336,559.71371008,SUBJ-ID-154,MML-Passive-Pre-210509-150511,0,0,1,0
100,100,300,1,0,1000,0,50.0466918945312,0.25,5,100,20000,45,248735,0,0,18,307,2021,5,9,15,14,38.805,0.2,5,3,559.90411264,560.85415936,SUBJ-ID-154,MML-Passive-Pre-210509-150511,0,1,0,0
100,100,300,1,0,1000,1,50.0466918945312,0,5,100,20000,45,263168,0,0,36,308,2021,5,9,15,14,39.988,0.2,5,3,561.15423232,562.10427904,SUBJ-ID-154,MML-Passive-Pre-210509-150511,0,0,1,0
100,100,300,1,0,1000,1,50.0466918945312,0,5,100,20000,45,277676,0,0,36,309,2021,5,9,15,14,41.175,0.2,5,3,562.29537792,563.24542464,SUBJ-ID-154,MML-Passive-Pre-210509-150511,0,0,1,0
100,100,300,1,0,1000,1,50.0466918945312,0,5,100,20000,45,291408,0,0,36,310,2021,5,9,15,14,42.3,0.2,5,3,563.47140096,564.42144768,SUBJ-ID-154,MML-Passive-Pre-210509-150511,0,0,1,0
100,100,300,1,0,1000,1,50.0466918945312,0,5,100,20000,45,305722,0,0,36,311,2021,5,9,15,14,43.473,0.2,5,3,564.60568576,565.55573248,SUBJ-ID-154,MML-Passive-Pre-210509-150511,0,0,1,0
100,100,300,0,0,1000,0,50.0466918945312,0.180000007152557,5,100,20000,45,320456,0,0,18,312,2021,5,9,15,14,44.68,0.2,5,3,565.7945088,566.74455552,SUBJ-ID-154,MML-Passive-Pre-210509-150511,0,1,0,0
100,100,300,0,0,1000,1,50.0466918945312,0,5,100,20000,45,335134,0,0,36,313,2021,5,9,15,14,45.884,0.2,5,3,567.00239872,567.95244544,SUBJ-ID-154,MML-Passive-Pre-210509-150511,0,0,1,0
100,100,300,0,0,1000,1,50.0466918945312,0,5,100,20000,45,349642,0,0,36,314,2021,5,9,15,14,47.073,0.2,5,3,568.19879936,569.14884608,SUBJ-ID-154,MML-Passive-Pre-210509-150511,0,0,1,0
100,100,300,0,0,1000,1,50.0466918945312,0,5,100,20000,45,364603,0,0,36,315,2021,5,9,15,14,48.297,0.2,5,3,569.37756672,570.32761344,SUBJ-ID-154,MML-Passive-Pre-210509-150511,0,0,1,0
100,100,300,0,0,1000,1,50.0466918945312,0,5,100,20000,45,12576,0,0,36,316,2021,5,9,15,14,49.49,0.2,5,3,570.60542464,571.55547136,SUBJ-ID-154,MML-Passive-Pre-210509-150511,0,0,1,0
100,100,300,0,0,1000,0,50.0466918945312,0.119999997317791,5,100,20000,45,27398,0,0,18,317,2021,5,9,15,14,50.704,0.2,5,3,571.79099136,572.74103808,SUBJ-ID-154,MML-Passive-Pre-210509-150511,0,1,0,0
100,100,300,0,0,1000,1,50.0466918945312,0,5,100,20000,45,41330,0,0,36,318,2021,5,9,15,14,51.846,0.2,5,3,573.00185088,573.9518976,SUBJ-ID-154,MML-Passive-Pre-210509-150511,0,0,1,0
100,100,300,0,0,1000,1,50.0466918945312,0,5,100,20000,45,55446,0,0,36,319,2021,5,9,15,14,53.002,0.2,5,3,574.1359104,575.08595712,SUBJ-ID-154,MML-Passive-Pre-210509-150511,0,0,1,0
100,100,300,0,0,1000,1,50.0466918945312,0,5,100,20000,45,70215,0,0,36,320,2021,5,9,15,14,54.212,0.2,5,3,575.30179584,576.25184256,SUBJ-ID-154,MML-Passive-Pre-210509-150511,0,0,1,0
100,100,300,0,0,1000,1,50.0466918945312,0,5,100,20000,45,85025,0,0,36,321,2021,5,9,15,14,55.425,0.2,5,3,576.53946368,577.4895104,SUBJ-ID-154,MML-Passive-Pre-210509-150511,0,0,1,0
100,100,300,1,0,1000,0,50.0466918945312,0.5,5,100,20000,45,99646,0,0,18,322,2021,5,9,15,14,56.623,0.2,5,3,577.73477888,578.6848256,SUBJ-ID-154,MML-Passive-Pre-210509-150511,0,1,0,0
100,100,300,1,0,1000,1,50.0466918945312,0,5,100,20000,45,114470,0,0,36,323,2021,5,9,15,14,57.837,0.2,5,3,578.98489856,579.93494528,SUBJ-ID-154,MML-Passive-Pre-210509-150511,0,0,1,0
100,100,300,1,0,1000,1,50.0466918945312,0,5,100,20000,45,128914,0,0,36,324,2021,5,9,15,14,59.021,0.2,5,3,580.15995904,581.11000576,SUBJ-ID-154,MML-Passive-Pre-210509-150511,0,0,1,0
100,100,300,1,0,1000,1,50.0466918945312,0,5,100,20000,45,143749,0,0,36,325,2021,5,9,15,15,0.237,0.2,5,3,581.34202368,582.2920704,SUBJ-ID-154,MML-Passive-Pre-210509-150511,0,0,1,0
100,100,300,1,0,1000,1,50.0466918945312,0,5,100,20000,45,158151,0,0,36,326,2021,5,9,15,15,1.416,0.2,5,3,582.54886912,583.49891584,SUBJ-ID-154,MML-Passive-Pre-210509-150511,0,0,1,0
100,100,300,1,0,1000,0,50.0466918945312,0.349999994039536,5,100,20000,45,172781,0,0,18,327,2021,5,9,15,15,2.615,0.2,5,3,583.71770368,584.6677504,SUBJ-ID-154,MML-Passive-Pre-210509-150511,0,1,0,0
100,100,300,1,0,1000,1,50.0466918945312,0,5,100,20000,45,187478,0,0,36,328,2021,5,9,15,15,3.819,0.2,5,3,584.96782336,585.91787008,SUBJ-ID-154,MML-Passive-Pre-210509-150511,0,0,1,0
100,100,300,1,0,1000,1,50.0466918945312,0,5,100,20000,45,202312,0,0,36,329,2021,5,9,15,15,5.034,0.2,5,3,586.1195776,587.06962432,SUBJ-ID-154,MML-Passive-Pre-210509-150511,0,0,1,0
100,100,300,1,0,1000,1,50.0466918945312,0,5,100,20000,45,216894,0,0,36,330,2021,5,9,15,15,6.228,0.2,5,3,587.3225728,588.27261952,SUBJ-ID-154,MML-Passive-Pre-210509-150511,0,0,1,0
100,100,300,1,0,1000,1,50.0466918945312,0,5,100,20000,45,231812,0,0,36,331,2021,5,9,15,15,7.45,0.2,5,3,588.53443584,589.48448256,SUBJ-ID-154,MML-Passive-Pre-210509-150511,0,0,1,0
100,100,300,1,0,1000,0,50.0466918945312,0.25,5,100,20000,45,246656,0,0,18,332,2021,5,9,15,15,8.667,0.2,5,3,589.74644224,590.69648896,SUBJ-ID-154,MML-Passive-Pre-210509-150511,0,1,0,0
100,100,300,1,0,1000,1,50.0466918945312,0,5,100,20000,45,261374,0,0,36,333,2021,5,9,15,15,9.872,0.2,5,3,590.99656192,591.94660864,SUBJ-ID-154,MML-Passive-Pre-210509-150511,0,0,1,0
100,100,300,1,0,1000,1,50.0466918945312,0,5,100,20000,45,276121,0,0,36,334,2021,5,9,15,15,11.081,0.2,5,3,592.17547264,593.12551936,SUBJ-ID-154,MML-Passive-Pre-210509-150511,0,0,1,0
100,100,300,1,0,1000,1,50.0466918945312,0,5,100,20000,45,291014,0,0,36,335,2021,5,9,15,15,12.301,0.2,5,3,593.40560384,594.35565056,SUBJ-ID-154,MML-Passive-Pre-210509-150511,0,0,1,0
100,100,300,1,0,1000,1,50.0466918945312,0,5,100,20000,45,305685,0,0,36,336,2021,5,9,15,15,13.502,0.2,5,3,594.62930432,595.57935104,SUBJ-ID-154,MML-Passive-Pre-210509-150511,0,0,1,0
100,100,300,0,0,1000,0,50.0466918945312,0.180000007152557,5,100,20000,45,320385,0,0,18,337,2021,5,9,15,15,14.706,0.2,5,3,595.82947328,596.77952,SUBJ-ID-154,MML-Passive-Pre-210509-150511,0,1,0,0
100,100,300,0,0,1000,1,50.0466918945312,0,5,100,20000,45,334768,0,0,36,338,2021,5,9,15,15,15.884,0.2,5,3,597.01897216,597.96901888,SUBJ-ID-154,MML-Passive-Pre-210509-150511,0,0,1,0
100,100,300,0,0,1000,1,50.0466918945312,0,5,100,20000,45,349462,0,0,36,339,2021,5,9,15,15,17.09,0.2,5,3,598.1876224,599.13766912,SUBJ-ID-154,MML-Passive-Pre-210509-150511,0,0,1,0
100,100,300,0,0,1000,1,50.0466918945312,0,5,100,20000,45,364114,0,0,36,340,2021,5,9,15,15,18.289,0.2,5,3,599.38740224,600.33744896,SUBJ-ID-154,MML-Passive-Pre-210509-150511,0,0,1,0
100,100,300,0,0,1000,1,50.0466918945312,0,5,100,20000,45,12266,0,0,36,341,2021,5,9,15,15,19.497,0.2,5,3,600.591872,601.54191872,SUBJ-ID-154,MML-Passive-Pre-210509-150511,0,0,1,0
100,100,300,0,0,1000,0,50.0466918945312,0.119999997317791,5,100,20000,45,25998,0,0,18,342,2021,5,9,15,15,20.622,0.2,5,3,601.79040256,602.74044928,SUBJ-ID-154,MML-Passive-Pre-210509-150511,0,1,0,0
100,100,300,0,0,1000,1,50.0466918945312,0,5,100,20000,45,40352,0,0,36,343,2021,5,9,15,15,21.797,0.2,5,3,602.93828608,603.8883328,SUBJ-ID-154,MML-Passive-Pre-210509-150511,0,0,1,0
100,100,300,0,0,1000,1,50.0466918945312,0,5,100,20000,45,55106,0,0,36,344,2021,5,9,15,15,23.007,0.2,5,3,604.09591808,605.0459648,SUBJ-ID-154,MML-Passive-Pre-210509-150511,0,0,1,0
100,100,300,0,0,1000,1,50.0466918945312,0,5,100,20000,45,69820,0,0,36,345,2021,5,9,15,15,24.212,0.2,5,3,605.32680704,606.27685376,SUBJ-ID-154,MML-Passive-Pre-210509-150511,0,0,1,0
100,100,300,1,0,1000,0,50.0466918945312,0.5,5,100,20000,45,84667,0,0,18,346,2021,5,9,15,15,25.428,0.2,5,3,606.52693504,607.47698176,SUBJ-ID-154,MML-Passive-Pre-210509-150511,0,1,0,0
100,100,300,1,0,1000,1,50.0466918945312,0,5,100,20000,45,99294,0,0,36,347,2021,5,9,15,15,26.626,0.2,5,3,607.77705472,608.72710144,SUBJ-ID-154,MML-Passive-Pre-210509-150511,0,0,1,0
100,100,300,1,0,1000,1,50.0466918945312,0,5,100,20000,45,113781,0,0,36,348,2021,5,9,15,15,27.813,0.2,5,3,608.93749248,609.8875392,SUBJ-ID-154,MML-Passive-Pre-210509-150511,0,0,1,0
100,100,300,1,0,1000,1,50.0466918945312,0,5,100,20000,45,128559,0,0,36,349,2021,5,9,15,15,29.024,0.2,5,3,610.11021824,611.06026496,SUBJ-ID-154,MML-Passive-Pre-210509-150511,0,0,1,0
100,100,300,1,0,1000,1,50.0466918945312,0,5,100,20000,45,143344,0,0,36,350,2021,5,9,15,15,30.235,0.2,5,3,611.34841856,612.29846528,SUBJ-ID-154,MML-Passive-Pre-210509-150511,0,0,1,0
100,100,300,1,0,1000,0,50.0466918945312,0.349999994039536,5,100,20000,45,158125,0,0,18,351,2021,5,9,15,15,31.446,0.2,5,3,612.54961152,613.49965824,SUBJ-ID-154,MML-Passive-Pre-210509-150511,0,1,0,0
100,100,300,1,0,1000,1,50.0466918945312,0,5,100,20000,45,172795,0,0,36,352,2021,5,9,15,15,32.648,0.2,5,3,613.7997312,614.74977792,SUBJ-ID-154,MML-Passive-Pre-210509-150511,0,0,1,0
100,100,300,1,0,1000,1,50.0466918945312,0,5,100,20000,45,187134,0,0,36,353,2021,5,9,15,15,33.822,0.2,5,3,614.9610496,615.91109632,SUBJ-ID-154,MML-Passive-Pre-210509-150511,0,0,1,0
100,100,300,1,0,1000,1,50.0466918945312,0,5,100,20000,45,201908,0,0,36,354,2021,5,9,15,15,35.033,0.2,5,3,616.11808768,617.0681344,SUBJ-ID-154,MML-Passive-Pre-210509-150511,0,0,1,0
100,100,300,1,0,1000,0,50.0466918945312,0.25,5,100,20000,45,216668,0,0,18,355,2021,5,9,15,15,36.242,0.2,5,3,617.32323328,618.27328,SUBJ-ID-154,MML-Passive-Pre-210509-150511,0,1,0,0
100,100,300,1,0,1000,1,50.0466918945312,0,5,100,20000,45,231330,0,0,36,356,2021,5,9,15,15,37.442,0.2,5,3,618.57335296,619.52339968,SUBJ-ID-154,MML-Passive-Pre-210509-150511,0,0,1,0
100,100,300,1,0,1000,1,50.0466918945312,0,5,100,20000,45,245927,0,0,36,357,2021,5,9,15,15,38.639,0.2,5,3,619.73528576,620.68533248,SUBJ-ID-154,MML-Passive-Pre-210509-150511,0,0,1,0
100,100,300,1,0,1000,1,50.0466918945312,0,5,100,20000,45,260598,0,0,36,358,2021,5,9,15,15,39.84,0.2,5,3,620.93459456,621.88464128,SUBJ-ID-154,MML-Passive-Pre-210509-150511,0,0,1,0
100,100,300,1,0,1000,1,50.0466918945312,0,5,100,20000,45,275341,0,0,36,359,2021,5,9,15,15,41.048,0.2,5,3,622.13511168,623.0851584,SUBJ-ID-154,MML-Passive-Pre-210509-150511,0,0,1,0
100,100,300,0,0,1000,0,50.0466918945312,0.180000007152557,5,100,20000,45,290244,0,0,18,360,2021,5,9,15,15,42.269,0.2,5,3,623.37957888,624.3296256,SUBJ-ID-154,MML-Passive-Pre-210509-150511,0,1,0,0
100,100,300,0,0,1000,1,50.0466918945312,0,5,100,20000,45,304582,0,0,36,361,2021,5,9,15,15,43.444,0.2,5,3,624.58853376,625.53858048,SUBJ-ID-154,MML-Passive-Pre-210509-150511,0,0,1,0
100,100,300,0,0,1000,1,50.0466918945312,0,5,100,20000,45,319267,0,0,36,362,2021,5,9,15,15,44.647,0.2,5,3,625.729536,626.67958272,SUBJ-ID-154,MML-Passive-Pre-210509-150511,0,0,1,0
100,100,300,0,0,1000,1,50.0466918945312,0,5,100,20000,45,334028,0,0,36,363,2021,5,9,15,15,45.856,0.2,5,3,626.95501824,627.90506496,SUBJ-ID-154,MML-Passive-Pre-210509-150511,0,0,1,0
100,100,300,0,0,1000,0,50.0466918945312,0.119999997317791,5,100,20000,45,348834,0,0,18,364,2021,5,9,15,15,47.069,0.2,5,3,628.15215616,629.10220288,SUBJ-ID-154,MML-Passive-Pre-210509-150511,0,1,0,0
100,100,300,0,0,1000,1,50.0466918945312,0,5,100,20000,45,363551,0,0,36,365,2021,5,9,15,15,48.274,0.2,5,3,629.38662912,630.33667584,SUBJ-ID-154,MML-Passive-Pre-210509-150511,0,0,1,0
100,100,300,0,0,1000,1,50.0466918945312,0,5,100,20000,45,11803,0,0,36,366,2021,5,9,15,15,49.491,0.2,5,3,630.59367936,631.54372608,SUBJ-ID-154,MML-Passive-Pre-210509-150511,0,0,1,0
100,100,300,0,0,1000,1,50.0466918945312,0,5,100,20000,45,26278,0,0,36,367,2021,5,9,15,15,50.676,0.2,5,3,631.81326336,632.76331008,SUBJ-ID-154,MML-Passive-Pre-210509-150511,0,0,1,0
100,100,300,1,0,1000,0,50.0466918945312,0.5,5,100,20000,45,41038,0,0,18,368,2021,5,9,15,15,51.886,0.2,5,3,633.0063872,633.95643392,SUBJ-ID-154,MML-Passive-Pre-210509-150511,0,1,0,0
100,100,300,1,0,1000,1,50.0466918945312,0,5,100,20000,45,55772,0,0,36,369,2021,5,9,15,15,53.092,0.2,5,3,634.25650688,635.2065536,SUBJ-ID-154,MML-Passive-Pre-210509-150511,0,0,1,0
100,100,300,1,0,1000,1,50.0466918945312,0,5,100,20000,45,70451,0,0,36,370,2021,5,9,15,15,54.295,0.2,5,3,635.40391936,636.35396608,SUBJ-ID-154,MML-Passive-Pre-210509-150511,0,0,1,0
100,100,300,1,0,1000,1,50.0466918945312,0,5,100,20000,45,84999,0,0,36,371,2021,5,9,15,15,55.487,0.2,5,3,636.60746752,637.55751424,SUBJ-ID-154,MML-Passive-Pre-210509-150511,0,0,1,0
100,100,300,1,0,1000,1,50.0466918945312,0,5,100,20000,45,99906,0,0,36,372,2021,5,9,15,15,56.708,0.2,5,3,637.81339136,638.76343808,SUBJ-ID-154,MML-Passive-Pre-210509-150511,0,0,1,0
100,100,300,1,0,1000,0,50.0466918945312,0.349999994039536,5,100,20000,45,114403,0,0,18,373,2021,5,9,15,15,57.896,0.2,5,3,639.03209472,639.98214144,SUBJ-ID-154,MML-Passive-Pre-210509-150511,0,1,0,0
100,100,300,1,0,1000,1,50.0466918945312,0,5,100,20000,45,129211,0,0,36,374,2021,5,9,15,15,59.109,0.2,5,3,640.2822144,641.23226112,SUBJ-ID-154,MML-Passive-Pre-210509-150511,0,0,1,0
100,100,300,1,0,1000,1,50.0466918945312,0,5,100,20000,45,144018,0,0,36,375,2021,5,9,15,16,0.322,0.2,5,3,641.43601664,642.38606336,SUBJ-ID-154,MML-Passive-Pre-210509-150511,0,0,1,0
100,100,300,1,0,1000,1,50.0466918945312,0,5,100,20000,45,158348,0,0,36,376,2021,5,9,15,16,1.496,0.2,5,3,642.6397696,643.58981632,SUBJ-ID-154,MML-Passive-Pre-210509-150511,0,0,1,0
100,100,300,1,0,1000,0,50.0466918945312,0.25,5,100,20000,45,172832,0,0,18,377,2021,5,9,15,16,2.685,0.2,5,3,643.8222848,644.77233152,SUBJ-ID-154,MML-Passive-Pre-210509-150511,0,1,0,0
100,100,300,1,0,1000,1,50.0466918945312,0,5,100,20000,45,187960,0,0,36,378,2021,5,9,15,16,3.922,0.2,5,3,645.07240448,646.0224512,SUBJ-ID-154,MML-Passive-Pre-210509-150511,0,0,1,0
100,100,300,1,0,1000,1,50.0466918945312,0,5,100,20000,45,202694,0,0,36,379,2021,5,9,15,16,5.129,0.2,5,3,646.2467072,647.19675392,SUBJ-ID-154,MML-Passive-Pre-210509-150511,0,0,1,0
100,100,300,1,0,1000,1,50.0466918945312,0,5,100,20000,45,217220,0,0,36,380,2021,5,9,15,16,6.319,0.2,5,3,647.451648,648.40169472,SUBJ-ID-154,MML-Passive-Pre-210509-150511,0,0,1,0
100,100,300,1,0,1000,1,50.0466918945312,0,5,100,20000,45,232060,0,0,36,381,2021,5,9,15,16,7.535,0.2,5,3,648.63944704,649.58949376,SUBJ-ID-154,MML-Passive-Pre-210509-150511,0,0,1,0
100,100,300,0,0,1000,0,50.0466918945312,0.180000007152557,5,100,20000,45,246526,0,0,18,382,2021,5,9,15,16,8.72,0.2,5,3,649.84662016,650.79666688,SUBJ-ID-154,MML-Passive-Pre-210509-150511,0,1,0,0
100,100,300,0,0,1000,1,50.0466918945312,0,5,100,20000,45,261103,0,0,36,383,2021,5,9,15,16,9.913,0.2,5,3,651.01395968,651.9640064,SUBJ-ID-154,MML-Passive-Pre-210509-150511,0,0,1,0
100,100,300,0,0,1000,1,50.0466918945312,0,5,100,20000,45,274876,0,0,36,384,2021,5,9,15,16,11.043,0.2,5,3,652.2113024,653.16134912,SUBJ-ID-154,MML-Passive-Pre-210509-150511,0,0,1,0
100,100,300,0,0,1000,1,50.0466918945312,0,5,100,20000,45,289240,0,0,36,385,2021,5,9,15,16,12.219,0.2,5,3,653.35758848,654.3076352,SUBJ-ID-154,MML-Passive-Pre-210509-150511,0,0,1,0
100,100,300,0,0,1000,1,50.0466918945312,0,5,100,20000,45,303796,0,0,36,386,2021,5,9,15,16,13.411,0.2,5,3,654.54522368,655.4952704,SUBJ-ID-154,MML-Passive-Pre-210509-150511,0,0,1,0
100,100,300,0,0,1000,1,50.0466918945312,0,5,100,20000,45,317600,0,0,36,387,2021,5,9,15,16,14.543,0.2,5,3,655.71024896,656.66029568,SUBJ-ID-154,MML-Passive-Pre-210509-150511,0,0,1,0
100,100,300,0,0,1000,0,50.0466918945312,0.119999997317791,5,100,20000,45,332237,0,0,18,388,2021,5,9,15,16,15.741,0.2,5,3,656.8548352,657.80488192,SUBJ-ID-154,MML-Passive-Pre-210509-150511,0,1,0,0
100,100,300,0,0,1000,1,50.0466918945312,0,5,100,20000,45,347032,0,0,36,389,2021,5,9,15,16,16.954,0.2,5,3,658.05590528,659.005952,SUBJ-ID-154,MML-Passive-Pre-210509-150511,0,0,1,0
100,100,300,0,0,1000,1,50.0466918945312,0,5,100,20000,45,360912,0,0,36,390,2021,5,9,15,16,18.091,0.2,5,3,659.25224448,660.2022912,SUBJ-ID-154,MML-Passive-Pre-210509-150511,0,0,1,0
100,100,300,0,0,1000,1,50.0466918945312,0,5,100,20000,45,8725,0,0,36,391,2021,5,9,15,16,19.27,0.2,5,3,660.39836672,661.34841344,SUBJ-ID-154,MML-Passive-Pre-210509-150511,0,0,1,0
100,100,300,0,0,1000,1,50.0466918945312,0,5,100,20000,45,23356,0,0,36,392,2021,5,9,15,16,20.469,0.2,5,3,661.59312896,662.54317568,SUBJ-ID-154,MML-Passive-Pre-210509-150511,0,0,1,0
100,100,300,1,0,1000,0,50.0466918945312,0.5,5,100,20000,45,38104,0,0,18,393,2021,5,9,15,16,21.677,0.2,5,3,662.7920896,663.74213632,SUBJ-ID-154,MML-Passive-Pre-210509-150511,0,1,0,0
100,100,300,1,0,1000,1,50.0466918945312,0,5,100,20000,45,53818,0,0,36,394,2021,5,9,15,16,22.965,0.2,5,3,664.04220928,664.992256,SUBJ-ID-154,MML-Passive-Pre-210509-150511,0,0,1,0
100,100,300,1,0,1000,1,50.0466918945312,0,5,100,20000,45,67740,0,0,36,395,2021,5,9,15,16,24.105,0.2,5,3,665.27166464,666.22171136,SUBJ-ID-154,MML-Passive-Pre-210509-150511,0,0,1,0
100,100,300,1,0,1000,1,50.0466918945312,0,5,100,20000,45,82208,0,0,36,396,2021,5,9,15,16,25.291,0.2,5,3,666.42343936,667.37348608,SUBJ-ID-154,MML-Passive-Pre-210509-150511,0,0,1,0
100,100,300,1,0,1000,1,50.0466918945312,0,5,100,20000,45,96696,0,0,36,397,2021,5,9,15,16,26.476,0.2,5,3,667.6071424,668.55718912,SUBJ-ID-154,MML-Passive-Pre-210509-150511,0,0,1,0
100,100,300,1,0,1000,0,50.0466918945312,0.349999994039536,5,100,20000,45,111463,0,0,18,398,2021,5,9,15,16,27.687,0.2,5,3,668.7944704,669.74451712,SUBJ-ID-154,MML-Passive-Pre-210509-150511,0,1,0,0
100,100,300,1,0,1000,1,50.0466918945312,0,5,100,20000,45,125981,0,0,36,399,2021,5,9,15,16,28.876,0.2,5,3,670.04459008,670.9946368,SUBJ-ID-154,MML-Passive-Pre-210509-150511,0,0,1,0
100,100,300,1,0,1000,1,50.0466918945312,0,5,100,20000,45,141137,0,0,36,400,2021,5,9,15,16,30.118,0.2,5,3,671.19550464,672.14555136,SUBJ-ID-154,MML-Passive-Pre-210509-150511,0,0,1,0
100,100,300,1,0,1000,1,50.0466918945312,0,5,100,20000,45,155557,0,0,36,401,2021,5,9,15,16,31.299,0.2,5,3,672.4241408,673.37418752,SUBJ-ID-154,MML-Passive-Pre-210509-150511,0,0,1,0
100,100,300,1,0,1000,0,50.0466918945312,0.25,5,100,20000,45,170180,0,0,18,402,2021,5,9,15,16,32.498,0.2,5,3,673.61216512,674.56221184,SUBJ-ID-154,MML-Passive-Pre-210509-150511,0,1,0,0
100,100,300,1,0,1000,1,50.0466918945312,0,5,100,20000,45,184976,0,0,36,403,2021,5,9,15,16,33.709,0.2,5,3,674.8622848,675.81233152,SUBJ-ID-154,MML-Passive-Pre-210509-150511,0,0,1,0
100,100,300,1,0,1000,1,50.0466918945312,0,5,100,20000,45,199446,0,0,36,404,2021,5,9,15,16,34.895,0.2,5,3,676.03277824,676.98282496,SUBJ-ID-154,MML-Passive-Pre-210509-150511,0,0,1,0
100,100,300,1,0,1000,1,50.0466918945312,0,5,100,20000,45,213980,0,0,36,405,2021,5,9,15,16,36.085,0.2,5,3,677.2211712,678.17121792,SUBJ-ID-154,MML-Passive-Pre-210509-150511,0,0,1,0
100,100,300,0,0,1000,0,50.0466918945312,0.180000007152557,5,100,20000,45,228748,0,0,18,406,2021,5,9,15,16,37.295,0.2,5,3,678.3837184,679.33376512,SUBJ-ID-154,MML-Passive-Pre-210509-150511,0,1,0,0
100,100,300,0,0,1000,1,50.0466918945312,0,5,100,20000,45,243616,0,0,36,407,2021,5,9,15,16,38.513,0.2,5,3,679.59506944,680.54511616,SUBJ-ID-154,MML-Passive-Pre-210509-150511,0,0,1,0
100,100,300,0,0,1000,1,50.0466918945312,0,5,100,20000,45,258341,0,0,36,408,2021,5,9,15,16,39.72,0.2,5,3,680.82706432,681.77711104,SUBJ-ID-154,MML-Passive-Pre-210509-150511,0,0,1,0
100,100,300,0,0,1000,1,50.0466918945312,0,5,100,20000,45,272812,0,0,36,409,2021,5,9,15,16,40.905,0.2,5,3,682.02829824,682.97834496,SUBJ-ID-154,MML-Passive-Pre-210509-150511,0,0,1,0
100,100,300,0,0,1000,1,50.0466918945312,0,5,100,20000,45,287565,0,0,36,410,2021,5,9,15,16,42.113,0.2,5,3,683.23520512,684.18525184,SUBJ-ID-154,MML-Passive-Pre-210509-150511,0,0,1,0
100,100,300,0,0,1000,0,50.0466918945312,0.119999997317791,5,100,20000,45,302215,0,0,18,411,2021,5,9,15,16,43.314,0.2,5,3,684.4432384,685.39328512,SUBJ-ID-154,MML-Passive-Pre-210509-150511,0,1,0,0
100,100,300,0,0,1000,1,50.0466918945312,0,5,100,20000,45,316847,0,0,36,412,2021,5,9,15,16,44.512,0.2,5,3,685.60187392,686.55192064,SUBJ-ID-154,MML-Passive-Pre-210509-150511,0,0,1,0
100,100,300,0,0,1000,1,50.0466918945312,0,5,100,20000,45,330738,0,0,36,413,2021,5,9,15,16,45.651,0.2,5,3,686.81310208,687.7631488,SUBJ-ID-154,MML-Passive-Pre-210509-150511,0,0,1,0
100,100,300,0,0,1000,1,50.0466918945312,0,5,100,20000,45,345219,0,0,36,414,2021,5,9,15,16,46.837,0.2,5,3,687.9526912,688.90273792,SUBJ-ID-154,MML-Passive-Pre-210509-150511,0,0,1,0
100,100,300,0,0,1000,1,50.0466918945312,0,5,100,20000,45,359479,0,0,36,415,2021,5,9,15,16,48.004,0.2,5,3,689.15734528,690.107392,SUBJ-ID-154,MML-Passive-Pre-210509-150511,0,0,1,0
100,100,300,0,0,1000,1,50.0466918945312,0,5,100,20000,45,7757,0,0,36,416,2021,5,9,15,16,49.223,0.2,5,3,690.30600704,691.25605376,SUBJ-ID-154,MML-Passive-Pre-210509-150511,0,0,1,0
100,100,300,1,0,1000,0,50.0466918945312,0.5,5,100,20000,45,22527,0,0,18,417,2021,5,9,15,16,50.434,0.2,5,3,691.51320064,692.46324736,SUBJ-ID-154,MML-Passive-Pre-210509-150511,0,1,0,0
100,100,300,1,0,1000,1,50.0466918945312,0,5,100,20000,45,37318,0,0,36,418,2021,5,9,15,16,51.644,0.2,5,3,692.76332032,693.71336704,SUBJ-ID-154,MML-Passive-Pre-210509-150511,0,0,1,0
100,100,300,1,0,1000,1,50.0466918945312,0,5,100,20000,45,52075,0,0,36,419,2021,5,9,15,16,52.854,0.2,5,3,693.96180992,694.91185664,SUBJ-ID-154,MML-Passive-Pre-210509-150511,0,0,1,0
100,100,300,1,0,1000,1,50.0466918945312,0,5,100,20000,45,66826,0,0,36,420,2021,5,9,15,16,54.062,0.2,5,3,695.16992512,696.11997184,SUBJ-ID-154,MML-Passive-Pre-210509-150511,0,0,1,0
100,100,300,1,0,1000,0,50.0466918945312,0.349999994039536,5,100,20000,45,81174,0,0,18,421,2021,5,9,15,16,55.238,0.2,5,3,696.37414912,697.32419584,SUBJ-ID-154,MML-Passive-Pre-210509-150511,0,1,0,0
100,100,300,1,0,1000,1,50.0466918945312,0,5,100,20000,45,96125,0,0,36,422,2021,5,9,15,16,56.462,0.2,5,3,697.6242688,698.57431552,SUBJ-ID-154,MML-Passive-Pre-210509-150511,0,0,1,0
100,100,300,1,0,1000,1,50.0466918945312,0,5,100,20000,45,110420,0,0,36,423,2021,5,9,15,16,57.634,0.2,5,3,698.77823488,699.7282816,SUBJ-ID-154,MML-Passive-Pre-210509-150511,0,0,1,0
100,100,300,1,0,1000,1,50.0466918945312,0,5,100,20000,45,125190,0,0,36,424,2021,5,9,15,16,58.843,0.2,5,3,699.93084928,700.880896,SUBJ-ID-154,MML-Passive-Pre-210509-150511,0,0,1,0
100,100,300,1,0,1000,1,50.0466918945312,0,5,100,20000,45,139949,0,0,36,425,2021,5,9,15,17,0.053,0.2,5,3,701.17455872,702.12460544,SUBJ-ID-154,MML-Passive-Pre-210509-150511,0,0,1,0
100,100,300,1,0,1000,0,50.0466918945312,0.25,5,100,20000,45,154970,0,0,18,426,2021,5,9,15,17,1.283,0.2,5,3,702.3725568,703.32260352,SUBJ-ID-154,MML-Passive-Pre-210509-150511,0,1,0,0
100,100,300,1,0,1000,1,50.0466918945312,0,5,100,20000,45,169344,0,0,36,427,2021,5,9,15,17,2.46,0.2,5,3,703.62267648,704.5727232,SUBJ-ID-154,MML-Passive-Pre-210509-150511,0,0,1,0
100,100,300,1,0,1000,1,50.0466918945312,0,5,100,20000,45,183919,0,0,36,428,2021,5,9,15,17,3.655,0.2,5,3,704.78170112,705.73174784,SUBJ-ID-154,MML-Passive-Pre-210509-150511,0,0,1,0
100,100,300,1,0,1000,1,50.0466918945312,0,5,100,20000,45,198682,0,0,36,429,2021,5,9,15,17,4.864,0.2,5,3,705.98547456,706.93552128,SUBJ-ID-154,MML-Passive-Pre-210509-150511,0,0,1,0
100,100,300,1,0,1000,1,50.0466918945312,0,5,100,20000,45,213421,0,0,36,430,2021,5,9,15,17,6.071,0.2,5,3,707.19135744,708.14140416,SUBJ-ID-154,MML-Passive-Pre-210509-150511,0,0,1,0
100,100,300,0,0,1000,0,50.0466918945312,0.180000007152557,5,100,20000,45,228023,0,0,18,431,2021,5,9,15,17,7.268,0.2,5,3,708.38462464,709.33467136,SUBJ-ID-154,MML-Passive-Pre-210509-150511,0,1,0,0
100,100,300,0,0,1000,1,50.0466918945312,0,5,100,20000,45,242739,0,0,36,432,2021,5,9,15,17,8.473,0.2,5,3,709.59255552,710.54260224,SUBJ-ID-154,MML-Passive-Pre-210509-150511,0,0,1,0
100,100,300,0,0,1000,1,50.0466918945312,0,5,100,20000,45,257609,0,0,36,433,2021,5,9,15,17,9.692,0.2,5,3,710.80658944,711.75663616,SUBJ-ID-154,MML-Passive-Pre-210509-150511,0,0,1,0
100,100,300,0,0,1000,1,50.0466918945312,0,5,100,20000,45,272280,0,0,36,434,2021,5,9,15,17,10.894,0.2,5,3,712.01902592,712.96907264,SUBJ-ID-154,MML-Passive-Pre-210509-150511,0,0,1,0
100,100,300,0,0,1000,1,50.0466918945312,0,5,100,20000,45,286767,0,0,36,435,2021,5,9,15,17,12.08,0.2,5,3,713.21360384,714.16365056,SUBJ-ID-154,MML-Passive-Pre-210509-150511,0,0,1,0
100,100,300,0,0,1000,0,50.0466918945312,0.119999997317791,5,100,20000,45,301678,0,0,18,436,2021,5,9,15,17,13.301,0.2,5,3,714.40195584,715.35200256,SUBJ-ID-154,MML-Passive-Pre-210509-150511,0,1,0,0
100,100,300,0,0,1000,1,50.0466918945312,0,5,100,20000,45,316124,0,0,36,437,2021,5,9,15,17,14.485,0.2,5,3,715.6220928,716.57213952,SUBJ-ID-154,MML-Passive-Pre-210509-150511,0,0,1,0
100,100,300,0,0,1000,1,50.0466918945312,0,5,100,20000,45,330876,0,0,36,438,2021,5,9,15,17,15.694,0.2,5,3,716.80841728,717.758464,SUBJ-ID-154,MML-Passive-Pre-210509-150511,0,0,1,0
100,100,300,0,0,1000,1,50.0466918945312,0,5,100,20000,45,345768,0,0,36,439,2021,5,9,15,17,16.914,0.2,5,3,718.0075008,718.95754752,SUBJ-ID-154,MML-Passive-Pre-210509-150511,0,0,1,0
100,100,300,0,0,1000,1,50.0466918945312,0,5,100,20000,45,360643,0,0,36,440,2021,5,9,15,17,18.132,0.2,5,3,719.22845696,720.17850368,SUBJ-ID-154,MML-Passive-Pre-210509-150511,0,0,1,0
100,100,300,0,0,1000,1,50.0466918945312,0,5,100,20000,45,8374,0,0,36,441,2021,5,9,15,17,19.306,0.2,5,3,720.45051904,721.40056576,SUBJ-ID-154,MML-Passive-Pre-210509-150511,0,0,1,0
100,100,300,1,0,1000,0,50.0466918945312,0.5,5,100,20000,45,23210,0,0,18,442,2021,5,9,15,17,20.521,0.2,5,3,721.6106496,722.56069632,SUBJ-ID-154,MML-Passive-Pre-210509-150511,0,1,0,0
100,100,300,1,0,1000,1,50.0466918945312,0,5,100,20000,45,37771,0,0,36,443,2021,5,9,15,17,21.714,0.2,5,3,722.86076928,723.810816,SUBJ-ID-154,MML-Passive-Pre-210509-150511,0,0,1,0
100,100,300,1,0,1000,1,50.0466918945312,0,5,100,20000,45,52542,0,0,36,444,2021,5,9,15,17,22.924,0.2,5,3,724.04279296,724.99283968,SUBJ-ID-154,MML-Passive-Pre-210509-150511,0,0,1,0
100,100,300,1,0,1000,1,50.0466918945312,0,5,100,20000,45,67260,0,0,36,445,2021,5,9,15,17,24.13,0.2,5,3,725.254144,726.20419072,SUBJ-ID-154,MML-Passive-Pre-210509-150511,0,0,1,0
100,100,300,1,0,1000,1,50.0466918945312,0,5,100,20000,45,81766,0,0,36,446,2021,5,9,15,17,25.317,0.2,5,3,726.45363712,727.40368384,SUBJ-ID-154,MML-Passive-Pre-210509-150511,0,0,1,0
100,100,300,1,0,1000,0,50.0466918945312,0.349999994039536,5,100,20000,45,96596,0,0,18,447,2021,5,9,15,17,26.533,0.2,5,3,727.62003456,728.57008128,SUBJ-ID-154,MML-Passive-Pre-210509-150511,0,1,0,0
100,100,300,1,0,1000,1,50.0466918945312,0,5,100,20000,45,111240,0,0,36,448,2021,5,9,15,17,27.732,0.2,5,3,728.87015424,729.82020096,SUBJ-ID-154,MML-Passive-Pre-210509-150511,0,0,1,0
100,100,300,1,0,1000,1,50.0466918945312,0,5,100,20000,45,125857,0,0,36,449,2021,5,9,15,17,28.93,0.2,5,3,730.05815808,731.0082048,SUBJ-ID-154,MML-Passive-Pre-210509-150511,0,0,1,0
100,100,300,1,0,1000,1,50.0466918945312,0,5,100,20000,45,140606,0,0,36,450,2021,5,9,15,17,30.139,0.2,5,3,731.22607104,732.17611776,SUBJ-ID-154,MML-Passive-Pre-210509-150511,0,0,1,0
100,100,300,1,0,1000,1,50.0466918945312,0,5,100,20000,45,154435,0,0,36,451,2021,5,9,15,17,31.272,0.2,5,3,732.44053504,733.39058176,SUBJ-ID-154,MML-Passive-Pre-210509-150511,0,0,1,0
100,100,300,1,0,1000,0,50.0466918945312,0.25,5,100,20000,45,168708,0,0,18,452,2021,5,9,15,17,32.44,0.2,5,3,733.5758848,734.52593152,SUBJ-ID-154,MML-Passive-Pre-210509-150511,0,1,0,0
100,100,300,1,0,1000,1,50.0466918945312,0,5,100,20000,45,183541,0,0,36,453,2021,5,9,15,17,33.655,0.2,5,3,734.82600448,735.7760512,SUBJ-ID-154,MML-Passive-Pre-210509-150511,0,0,1,0
100,100,300,1,0,1000,1,50.0466918945312,0,5,100,20000,45,198135,0,0,36,454,2021,5,9,15,17,34.852,0.2,5,3,735.97960192,736.92964864,SUBJ-ID-154,MML-Passive-Pre-210509-150511,0,0,1,0
100,100,300,1,0,1000,1,50.0466918945312,0,5,100,20000,45,212994,0,0,36,455,2021,5,9,15,17,36.069,0.2,5,3,737.16692992,738.11697664,SUBJ-ID-154,MML-Passive-Pre-210509-150511,0,0,1,0
100,100,300,1,0,1000,1,50.0466918945312,0,5,100,20000,45,227617,0,0,36,456,2021,5,9,15,17,37.266,0.2,5,3,738.38211072,739.33215744,SUBJ-ID-154,MML-Passive-Pre-210509-150511,0,0,1,0
100,100,300,0,0,1000,0,50.0466918945312,0.180000007152557,5,100,20000,45,242209,0,0,18,457,2021,5,9,15,17,38.462,0.2,5,3,739.5830784,740.53312512,SUBJ-ID-154,MML-Passive-Pre-210509-150511,0,1,0,0
100,100,300,0,0,1000,1,50.0466918945312,0,5,100,20000,45,256823,0,0,36,458,2021,5,9,15,17,39.659,0.2,5,3,740.79188992,741.74193664,SUBJ-ID-154,MML-Passive-Pre-210509-150511,0,0,1,0
100,100,300,0,0,1000,1,50.0466918945312,0,5,100,20000,45,271361,0,0,36,459,2021,5,9,15,17,40.849,0.2,5,3,741.9825152,742.93256192,SUBJ-ID-154,MML-Passive-Pre-210509-150511,0,0,1,0
100,100,300,0,0,1000,1,50.0466918945312,0,5,100,20000,45,286171,0,0,36,460,2021,5,9,15,17,42.063,0.2,5,3,743.15481088,744.1048576,SUBJ-ID-154,MML-Passive-Pre-210509-150511,0,0,1,0
100,100,300,0,0,1000,1,50.0466918945312,0,5,100,20000,45,300842,0,0,36,461,2021,5,9,15,17,43.266,0.2,5,3,744.38592512,745.33597184,SUBJ-ID-154,MML-Passive-Pre-210509-150511,0,0,1,0
100,100,300,0,0,1000,0,50.0466918945312,0.119999997317791,5,100,20000,45,314625,0,0,18,462,2021,5,9,15,17,44.394,0.2,5,3,745.55396096,746.50400768,SUBJ-ID-154,MML-Passive-Pre-210509-150511,0,1,0,0
100,100,300,0,0,1000,1,50.0466918945312,0,5,100,20000,45,329033,0,0,36,463,2021,5,9,15,17,45.575,0.2,5,3,746.70174208,747.6517888,SUBJ-ID-154,MML-Passive-Pre-210509-150511,0,0,1,0
100,100,300,0,0,1000,1,50.0466918945312,0,5,100,20000,45,343517,0,0,36,464,2021,5,9,15,17,46.761,0.2,5,3,747.88687872,748.83692544,SUBJ-ID-154,MML-Passive-Pre-210509-150511,0,0,1,0
100,100,300,0,0,1000,1,50.0466918945312,0,5,100,20000,45,358183,0,0,36,465,2021,5,9,15,17,47.963,0.2,5,3,749.05346048,750.0035072,SUBJ-ID-154,MML-Passive-Pre-210509-150511,0,0,1,0
100,100,300,0,0,1000,1,50.0466918945312,0,5,100,20000,45,6313,0,0,36,466,2021,5,9,15,17,49.168,0.2,5,3,750.26200576,751.21205248,SUBJ-ID-154,MML-Passive-Pre-210509-150511,0,0,1,0
100,100,300,1,0,1000,0,50.0466918945312,0.5,5,100,20000,45,20985,0,0,18,467,2021,5,9,15,17,50.371,0.2,5,3,751.4596352,752.40968192,SUBJ-ID-154,MML-Passive-Pre-210509-150511,0,1,0,0
100,100,300,1,0,1000,1,50.0466918945312,0,5,100,20000,45,35956,0,0,36,468,2021,5,9,15,17,51.597,0.2,5,3,752.70975488,753.6598016,SUBJ-ID-154,MML-Passive-Pre-210509-150511,0,0,1,0
100,100,300,1,0,1000,1,50.0466918945312,0,5,100,20000,45,50540,0,0,36,469,2021,5,9,15,17,52.792,0.2,5,3,753.91496192,754.86500864,SUBJ-ID-154,MML-Passive-Pre-210509-150511,0,0,1,0
100,100,300,1,0,1000,1,50.0466918945312,0,5,100,20000,45,65350,0,0,36,470,2021,5,9,15,17,54.005,0.2,5,3,755.1179776,756.06802432,SUBJ-ID-154,MML-Passive-Pre-210509-150511,0,0,1,0
100,100,300,1,0,1000,1,50.0466918945312,0,5,100,20000,45,79785,0,0,36,471,2021,5,9,15,17,55.188,0.2,5,3,756.3235328,757.27357952,SUBJ-ID-154,MML-Passive-Pre-210509-150511,0,0,1,0
100,100,300,1,0,1000,1,50.0466918945312,0,5,100,20000,45,94414,0,0,36,472,2021,5,9,15,17,56.387,0.2,5,3,757.5067648,758.45681152,SUBJ-ID-154,MML-Passive-Pre-210509-150511,0,0,1,0
100,100,300,1,0,1000,0,50.0466918945312,0.349999994039536,5,100,20000,45,109071,0,0,18,473,2021,5,9,15,17,57.587,0.2,5,3,758.67834368,759.6283904,SUBJ-ID-154,MML-Passive-Pre-210509-150511,0,1,0,0
100,100,300,1,0,1000,1,50.0466918945312,0,5,100,20000,45,123943,0,0,36,474,2021,5,9,15,17,58.805,0.2,5,3,759.92846336,760.87851008,SUBJ-ID-154,MML-Passive-Pre-210509-150511,0,0,1,0
100,100,300,1,0,1000,1,50.0466918945312,0,5,100,20000,45,138691,0,0,36,475,2021,5,9,15,18,0.013,0.2,5,3,761.11865856,762.06870528,SUBJ-ID-154,MML-Passive-Pre-210509-150511,0,0,1,0
100,100,300,1,0,1000,1,50.0466918945312,0,5,100,20000,45,153420,0,0,36,476,2021,5,9,15,18,1.22,0.2,5,3,762.34012672,763.29017344,SUBJ-ID-154,MML-Passive-Pre-210509-150511,0,0,1,0
100,100,300,1,0,1000,1,50.0466918945312,0,5,100,20000,45,168039,0,0,36,477,2021,5,9,15,18,2.418,0.2,5,3,763.5354624,764.48550912,SUBJ-ID-154,MML-Passive-Pre-210509-150511,0,0,1,0
100,100,300,1,0,1000,0,50.0466918945312,0.25,5,100,20000,45,182668,0,0,18,478,2021,5,9,15,18,3.615,0.2,5,3,764.73376768,765.6838144,SUBJ-ID-154,MML-Passive-Pre-210509-150511,0,1,0,0
100,100,300,1,0,1000,1,50.0466918945312,0,5,100,20000,45,197290,0,0,36,479,2021,5,9,15,18,4.814,0.2,5,3,765.98388736,766.93393408,SUBJ-ID-154,MML-Passive-Pre-210509-150511,0,0,1,0
100,100,300,1,0,1000,1,50.0466918945312,0,5,100,20000,45,211942,0,0,36,480,2021,5,9,15,18,6.014,0.2,5,3,767.13177088,768.0818176,SUBJ-ID-154,MML-Passive-Pre-210509-150511,0,0,1,0
100,100,300,1,0,1000,1,50.0466918945312,0,5,100,20000,45,226845,0,0,36,481,2021,5,9,15,18,7.235,0.2,5,3,768.34148352,769.29153024,SUBJ-ID-154,MML-Passive-Pre-210509-150511,0,0,1,0
100,100,300,1,0,1000,1,50.0466918945312,0,5,100,20000,45,241687,0,0,36,482,2021,5,9,15,18,8.451,0.2,5,3,769.5655936,770.51564032,SUBJ-ID-154,MML-Passive-Pre-210509-150511,0,0,1,0
100,100,300,0,0,1000,0,50.0466918945312,0.180000007152557,5,100,20000,45,256267,0,0,18,483,2021,5,9,15,18,9.645,0.2,5,3,770.78042624,771.73047296,SUBJ-ID-154,MML-Passive-Pre-210509-150511,0,1,0,0
100,100,300,0,0,1000,1,50.0466918945312,0,5,100,20000,45,270945,0,0,36,484,2021,5,9,15,18,10.848,0.2,5,3,771.97074432,772.92079104,SUBJ-ID-154,MML-Passive-Pre-210509-150511,0,0,1,0
100,100,300,0,0,1000,1,50.0466918945312,0,5,100,20000,45,285465,0,0,36,485,2021,5,9,15,18,12.037,0.2,5,3,773.16962304,774.11966976,SUBJ-ID-154,MML-Passive-Pre-210509-150511,0,0,1,0
100,100,300,0,0,1000,1,50.0466918945312,0,5,100,20000,45,300592,0,0,36,486,2021,5,9,15,18,13.277,0.2,5,3,774.33782272,775.28786944,SUBJ-ID-154,MML-Passive-Pre-210509-150511,0,0,1,0
100,100,300,0,0,1000,1,50.0466918945312,0,5,100,20000,45,315198,0,0,36,487,2021,5,9,15,18,14.473,0.2,5,3,775.57405696,776.52410368,SUBJ-ID-154,MML-Passive-Pre-210509-150511,0,0,1,0
100,100,300,0,0,1000,1,50.0466918945312,0,5,100,20000,45,329876,0,0,36,488,2021,5,9,15,18,15.675,0.2,5,3,776.79755264,777.74759936,SUBJ-ID-154,MML-Passive-Pre-210509-150511,0,0,1,0
100,100,300,0,0,1000,0,50.0466918945312,0.119999997317791,5,100,20000,45,344544,0,0,18,489,2021,5,9,15,18,16.878,0.2,5,3,777.99641088,778.9464576,SUBJ-ID-154,MML-Passive-Pre-210509-150511,0,1,0,0
100,100,300,0,0,1000,1,100.038330078125,0,5,100,20000,45,359233,0,0,40,490,2021,5,9,15,18,18.081,0.2,5,3,779.19940608,780.19944448,SUBJ-ID-154,MML-Passive-Pre-210509-150511,0,0,0,1
